loc,v(g),ev(g),iv(g),n,v,l,d,i,e,b,t,lOCode,lOComment,lOBlank,lOCodeAndComment,uniq_Op,uniq_Opnd,total_Op,total_Opnd,branchCount,target
9.0,2.0,1.0,1.0,21.0,87.57,0.25,4.0,21.89,350.27,0.03,19.46,8.0,0.0,0.0,0.0,8.0,10.0,11.0,10.0,3.0,no
108.0,11.0,1.0,8.0,289.0,1655.37,0.04,23.09,71.69,38225.96,0.55,2123.66,85.0,0.0,20.0,0.0,15.0,38.0,172.0,117.0,21.0,no
26.0,4.0,1.0,3.0,53.0,249.12,0.11,9.0,27.68,2242.11,0.08,124.56,19.0,0.0,3.0,0.0,13.0,13.0,35.0,18.0,7.0,no
71.0,11.0,1.0,6.0,171.0,897.4,0.04,24.36,36.83,21863.82,0.3,1214.66,58.0,0.0,11.0,0.0,16.0,22.0,104.0,67.0,21.0,no
47.0,3.0,1.0,3.0,115.0,569.73,0.1,10.48,54.38,5968.63,0.19,331.59,36.0,0.0,7.0,0.0,10.0,21.0,71.0,44.0,5.0,no
61.0,4.0,1.0,3.0,159.0,873.2,0.06,16.5,52.92,14407.88,0.29,800.44,49.0,0.0,10.0,0.0,15.0,30.0,93.0,66.0,7.0,yes
29.0,3.0,1.0,3.0,83.0,370.13,0.07,14.5,25.53,5366.93,0.12,298.16,22.0,0.0,4.0,1.0,11.0,11.0,54.0,29.0,5.0,no
3.0,1.0,1.0,1.0,1.0,0.0,0.0,0.0,0.0,0.0,0.0,0.0,1.0,0.0,0.0,0.0,1.0,0.0,1.0,0.0,1.0,no
56.0,4.0,1.0,4.0,105.0,546.99,0.07,13.98,39.13,7645.46,0.18,424.75,44.0,3.0,3.0,0.0,15.0,22.0,64.0,41.0,7.0,yes
4.0,1.0,1.0,1.0,4.0,8.0,0.67,1.5,5.33,12.0,0.0,0.67,2.0,0.0,0.0,0.0,3.0,1.0,3.0,1.0,1.0,no
11.0,2.0,1.0,2.0,19.0,70.31,0.18,5.6,12.56,393.73,0.02,21.87,8.0,0.0,1.0,0.0,8.0,5.0,12.0,7.0,3.0,no
138.0,20.0,18.0,15.0,444.0,2622.66,0.03,30.73,85.35,80587.17,0.87,4477.07,128.0,0.0,8.0,0.0,16.0,44.0,275.0,169.0,39.0,no
3.0,1.0,1.0,1.0,1.0,0.0,0.0,0.0,0.0,0.0,0.0,0.0,1.0,0.0,0.0,0.0,1.0,0.0,1.0,0.0,1.0,no
6.0,2.0,1.0,1.0,46.0,216.22,0.2,4.89,44.23,1057.08,0.07,58.73,10.0,0.0,2.0,0.0,6.0,9.0,10.0,9.0,3.0,no
8.0,1.0,1.0,1.0,10.0,30.0,0.3,3.33,9.0,100.0,0.01,5.56,4.0,0.0,1.0,0.0,5.0,3.0,6.0,4.0,1.0,no
51.0,6.0,4.0,6.0,96.0,488.4,0.07,13.82,35.35,6747.58,0.16,374.87,42.0,3.0,4.0,0.0,15.0,19.0,61.0,35.0,11.0,yes
38.0,9.0,5.0,5.0,98.0,490.0,0.07,13.68,35.81,6705.26,0.16,372.51,34.0,1.0,1.0,0.0,13.0,19.0,58.0,40.0,17.0,no
8.0,1.0,1.0,1.0,10.0,30.0,0.3,3.33,9.0,100.0,0.01,5.56,4.0,0.0,1.0,0.0,5.0,3.0,6.0,4.0,1.0,no
4.0,1.0,1.0,1.0,4.0,8.0,0.67,1.5,5.33,12.0,0.0,0.67,2.0,0.0,0.0,0.0,3.0,1.0,3.0,1.0,1.0,no
4.0,1.0,1.0,1.0,4.0,8.0,0.67,1.5,5.33,12.0,0.0,0.67,2.0,0.0,0.0,0.0,3.0,1.0,3.0,1.0,1.0,no
3.0,1.0,1.0,1.0,1.0,0.0,0.0,0.0,0.0,0.0,0.0,0.0,1.0,0.0,0.0,0.0,1.0,0.0,1.0,0.0,1.0,no
6.0,1.0,1.0,1.0,11.0,34.87,0.29,3.5,9.96,122.04,0.01,6.78,4.0,0.0,0.0,0.0,7.0,2.0,9.0,2.0,1.0,no
6.0,1.0,1.0,1.0,9.0,23.26,0.5,2.0,11.63,46.53,0.01,2.58,4.0,0.0,0.0,0.0,3.0,3.0,5.0,4.0,1.0,no
63.0,10.0,4.0,5.0,157.0,829.81,0.05,18.2,45.59,15102.51,0.28,839.03,55.0,2.0,4.0,0.0,14.0,25.0,92.0,65.0,19.0,no
5.0,1.0,1.0,1.0,7.0,19.65,0.4,2.5,7.86,49.13,0.01,2.73,2.0,1.0,0.0,0.0,5.0,2.0,5.0,2.0,1.0,no
4.0,1.0,1.0,1.0,5.0,11.61,0.67,1.5,7.74,17.41,0.0,0.97,2.0,0.0,0.0,0.0,3.0,2.0,3.0,2.0,1.0,no
23.0,2.0,1.0,2.0,84.0,408.07,0.1,10.39,39.28,4239.4,0.14,235.52,18.0,0.0,2.0,0.0,11.0,18.0,50.0,34.0,3.0,no
32.0,6.0,1.0,6.0,87.0,446.25,0.06,16.94,26.34,7559.96,0.15,420.0,27.0,1.0,2.0,0.0,18.0,17.0,55.0,32.0,11.0,yes
42.0,3.0,1.0,3.0,102.0,505.33,0.07,13.72,36.83,6934.22,0.17,385.23,31.0,2.0,5.0,0.0,13.0,18.0,64.0,38.0,5.0,yes
16.0,1.0,1.0,1.0,10.0,30.0,0.33,3.0,10.0,90.0,0.01,5.0,5.0,0.0,0.0,0.0,4.0,5.0,4.0,7.0,1.0,no
14.0,2.0,1.0,2.0,22.0,88.0,0.17,5.79,15.21,509.14,0.03,28.29,8.0,0.0,1.0,0.0,9.0,7.0,13.0,9.0,3.0,no
91.0,8.0,6.0,7.0,221.0,1247.29,0.04,26.97,46.25,33636.65,0.42,1868.7,74.0,0.0,15.0,0.0,19.0,31.0,133.0,88.0,15.0,no
14.0,2.0,1.0,2.0,33.0,147.16,0.13,8.0,18.4,1177.29,0.05,65.4,11.0,1.0,0.0,0.0,11.0,11.0,17.0,16.0,3.0,no
4.0,1.0,1.0,1.0,8.0,24.0,0.33,3.0,8.0,72.0,0.01,4.0,2.0,0.0,0.0,0.0,6.0,2.0,6.0,2.0,1.0,no
5.0,1.0,1.0,1.0,5.0,11.61,0.5,2.0,5.8,23.22,0.0,1.29,2.0,1.0,0.0,0.0,4.0,1.0,4.0,1.0,1.0,no
33.0,2.0,1.0,2.0,53.0,249.12,0.14,7.33,33.97,1826.9,0.08,101.49,23.0,0.0,5.0,0.0,11.0,15.0,33.0,20.0,3.0,no
163.0,16.0,13.0,11.0,440.0,2714.77,0.03,32.25,84.14,87589.65,0.9,4866.09,139.0,2.0,20.0,0.0,19.0,53.0,260.0,180.0,31.0,yes
8.0,1.0,1.0,1.0,10.0,30.0,0.3,3.33,9.0,100.0,0.01,5.56,4.0,0.0,1.0,0.0,5.0,3.0,6.0,4.0,1.0,no
4.0,1.0,1.0,1.0,4.0,8.0,0.67,1.5,5.33,12.0,0.0,0.67,2.0,0.0,0.0,0.0,3.0,1.0,3.0,1.0,1.0,no
37.0,8.0,1.0,4.0,99.0,475.93,0.09,11.65,40.86,5543.16,0.16,307.95,24.0,4.0,7.0,0.0,11.0,17.0,63.0,36.0,15.0,yes
41.0,7.0,1.0,6.0,93.0,473.13,0.06,18.0,26.29,8516.41,0.16,473.13,33.0,2.0,3.0,1.0,18.0,16.0,61.0,32.0,13.0,no
39.0,4.0,1.0,2.0,83.0,429.1,0.05,19.0,22.58,8152.97,0.14,452.94,29.0,1.0,7.0,0.0,19.0,17.0,49.0,34.0,7.0,no
24.0,1.0,1.0,1.0,40.0,175.69,0.19,5.23,33.59,919.01,0.06,51.06,13.0,2.0,7.0,0.0,8.0,13.0,23.0,17.0,1.0,yes
37.0,2.0,1.0,2.0,75.0,343.87,0.1,10.5,32.75,3610.66,0.11,200.59,26.0,5.0,5.0,0.0,7.0,17.0,24.0,51.0,3.0,yes
230.0,33.0,10.0,16.0,575.0,3732.82,0.03,39.82,93.74,148644.06,1.24,8258.0,174.0,15.0,34.0,5.0,23.0,67.0,343.0,232.0,65.0,yes
143.0,14.0,6.0,10.0,364.0,2260.24,0.04,25.05,90.25,56608.76,0.75,3144.93,105.0,14.0,21.0,1.0,19.0,55.0,219.0,145.0,27.0,yes
139.0,32.0,16.0,10.0,426.0,2677.58,0.04,24.66,108.56,66039.69,0.89,3668.87,118.0,1.0,16.0,1.0,17.0,61.0,249.0,177.0,63.0,yes
4.0,1.0,1.0,1.0,9.0,25.27,0.33,3.0,8.42,75.8,0.01,4.21,2.0,0.0,0.0,0.0,6.0,1.0,8.0,1.0,1.0,no
4.0,1.0,1.0,1.0,6.0,15.51,0.4,2.5,6.2,38.77,0.01,2.15,2.0,0.0,0.0,0.0,5.0,1.0,5.0,1.0,1.0,no
20.0,3.0,1.0,2.0,46.0,208.08,0.13,7.79,26.71,1621.32,0.07,90.07,15.0,0.0,3.0,0.0,11.0,12.0,29.0,17.0,5.0,no
4.0,1.0,1.0,1.0,5.0,11.61,0.5,2.0,5.8,23.22,0.0,1.29,2.0,0.0,0.0,0.0,4.0,1.0,4.0,1.0,1.0,no
4.0,1.0,1.0,1.0,6.0,15.51,0.4,2.5,6.2,38.77,0.01,2.15,2.0,0.0,0.0,0.0,5.0,1.0,5.0,1.0,1.0,no
5.0,1.0,1.0,1.0,5.0,11.61,0.67,1.5,7.74,17.41,0.0,0.97,2.0,0.0,0.0,1.0,3.0,2.0,3.0,2.0,1.0,no
17.0,4.0,1.0,2.0,69.0,320.43,0.11,9.33,34.33,2990.64,0.11,166.15,18.0,1.0,0.0,0.0,7.0,12.0,25.0,20.0,7.0,no
74.0,12.0,4.0,5.0,193.0,1135.35,0.05,19.92,57.0,22614.95,0.38,1256.39,56.0,5.0,8.0,0.0,22.0,37.0,126.0,67.0,19.0,no
3.0,1.0,1.0,1.0,1.0,0.0,0.0,0.0,0.0,0.0,0.0,0.0,1.0,0.0,0.0,0.0,1.0,0.0,1.0,0.0,1.0,no
4.0,1.0,1.0,1.0,33.0,137.61,0.15,6.5,21.17,894.45,0.05,49.69,4.0,1.0,0.0,1.0,4.0,6.0,7.0,6.0,1.0,no
72.0,4.0,1.0,4.0,162.0,879.05,0.05,19.85,44.28,17450.87,0.29,969.49,53.0,1.0,16.0,0.0,16.0,27.0,95.0,67.0,7.0,yes
4.0,1.0,1.0,1.0,4.0,8.0,0.67,1.5,5.33,12.0,0.0,0.67,2.0,0.0,0.0,0.0,3.0,1.0,3.0,1.0,1.0,no
13.0,2.0,1.0,2.0,18.0,66.61,0.18,5.6,11.89,373.0,0.02,20.72,8.0,0.0,1.0,0.0,8.0,5.0,11.0,7.0,3.0,no
4.0,1.0,1.0,1.0,8.0,16.0,0.86,1.17,13.71,18.67,0.01,1.04,2.0,0.0,0.0,0.0,1.0,3.0,1.0,7.0,1.0,no
112.0,19.0,11.0,15.0,348.0,2206.27,0.04,24.75,89.13,54614.17,0.74,3034.12,93.0,2.0,10.0,5.0,20.0,61.0,197.0,151.0,37.0,yes
20.0,2.0,1.0,2.0,33.0,137.61,0.17,6.0,22.93,825.65,0.05,45.87,16.0,0.0,1.0,0.0,9.0,9.0,21.0,12.0,3.0,no
4.0,1.0,1.0,1.0,5.0,11.61,0.67,1.5,7.74,17.41,0.0,0.97,2.0,0.0,0.0,0.0,3.0,2.0,3.0,2.0,1.0,no
4.0,1.0,1.0,1.0,5.0,11.61,0.67,1.5,7.74,17.41,0.0,0.97,2.0,0.0,0.0,0.0,3.0,2.0,3.0,2.0,1.0,no
10.0,2.0,1.0,2.0,18.0,64.53,0.14,7.0,9.22,451.71,0.02,25.09,8.0,0.0,0.0,0.0,8.0,4.0,11.0,7.0,3.0,no
29.0,3.0,1.0,3.0,72.0,305.85,0.09,10.8,28.32,3303.19,0.1,183.51,23.0,2.0,2.0,0.0,9.0,10.0,48.0,24.0,5.0,no
18.0,2.0,1.0,2.0,42.0,187.3,0.13,7.5,24.97,1404.72,0.06,78.04,13.0,1.0,2.0,0.0,10.0,12.0,24.0,18.0,3.0,no
11.0,2.0,1.0,2.0,17.0,60.94,0.17,6.0,10.16,365.67,0.02,20.31,8.0,0.0,1.0,0.0,8.0,4.0,11.0,6.0,3.0,no
41.0,8.0,7.0,7.0,105.0,534.18,0.05,21.38,24.99,11418.17,0.18,634.34,31.0,1.0,5.0,2.0,18.0,16.0,67.0,38.0,15.0,no
101.0,11.0,4.0,8.0,309.0,1900.27,0.04,22.42,84.78,42594.77,0.63,2366.38,84.0,1.0,12.0,0.0,18.0,53.0,177.0,132.0,21.0,yes
11.0,2.0,1.0,2.0,18.0,64.53,0.14,7.0,9.22,451.71,0.02,25.09,7.0,0.0,1.0,1.0,8.0,4.0,11.0,7.0,3.0,no
1275.0,180.0,125.0,143.0,3982.0,33814.56,0.01,81.47,415.06,2147483.64,11.27,153047.01,1107.0,39.0,121.0,6.0,35.0,325.0,2469.0,1513.0,361.0,yes
39.0,7.0,1.0,4.0,89.0,418.34,0.08,13.29,31.49,5557.93,0.14,308.77,34.0,0.0,3.0,0.0,12.0,14.0,58.0,31.0,13.0,yes
3.0,1.0,1.0,1.0,1.0,0.0,0.0,0.0,0.0,0.0,0.0,0.0,1.0,0.0,0.0,0.0,1.0,0.0,1.0,0.0,1.0,no
8.0,1.0,1.0,1.0,10.0,30.0,0.3,3.33,9.0,100.0,0.01,5.56,4.0,0.0,1.0,0.0,5.0,3.0,6.0,4.0,1.0,yes
4.0,1.0,1.0,1.0,6.0,15.51,0.4,2.5,6.2,38.77,0.01,2.15,2.0,0.0,0.0,0.0,5.0,1.0,5.0,1.0,1.0,no
7.0,1.0,1.0,1.0,13.0,36.5,0.2,5.0,7.3,182.48,0.01,10.14,5.0,0.0,0.0,0.0,5.0,2.0,9.0,4.0,1.0,no
28.0,2.0,1.0,2.0,130.0,677.23,0.1,10.15,66.7,6876.48,0.23,382.03,21.0,1.0,3.0,0.0,11.0,26.0,82.0,48.0,3.0,no
227.0,27.0,7.0,16.0,596.0,3869.14,0.03,30.14,128.36,116627.07,1.29,6479.28,168.0,21.0,30.0,4.0,20.0,70.0,385.0,211.0,53.0,yes
11.0,2.0,1.0,2.0,27.0,102.8,0.15,6.67,15.42,685.32,0.03,38.07,9.0,0.0,0.0,0.0,8.0,6.0,17.0,10.0,3.0,no
6.0,1.0,1.0,1.0,15.0,49.83,0.43,2.33,21.36,116.27,0.02,6.46,4.0,0.0,0.0,0.0,4.0,6.0,8.0,7.0,1.0,no
11.0,3.0,1.0,2.0,34.0,151.62,0.14,7.2,21.06,1091.67,0.05,60.65,9.0,0.0,0.0,0.0,12.0,10.0,22.0,12.0,5.0,yes
46.0,9.0,6.0,7.0,132.0,707.2,0.07,13.48,52.46,9534.06,0.24,529.67,39.0,3.0,2.0,0.0,14.0,27.0,80.0,52.0,17.0,no
4.0,1.0,1.0,1.0,4.0,8.0,0.67,1.5,5.33,12.0,0.0,0.67,2.0,0.0,0.0,0.0,3.0,1.0,3.0,1.0,1.0,no
6.0,1.0,1.0,1.0,15.0,49.83,0.43,2.33,21.36,116.27,0.02,6.46,4.0,0.0,0.0,0.0,4.0,6.0,8.0,7.0,1.0,no
16.0,2.0,1.0,2.0,23.0,87.57,0.14,7.2,12.16,630.5,0.03,35.03,12.0,0.0,2.0,0.0,9.0,5.0,15.0,8.0,3.0,no
4.0,1.0,1.0,1.0,5.0,11.61,0.67,1.5,7.74,17.41,0.0,0.97,2.0,0.0,0.0,0.0,3.0,2.0,3.0,2.0,1.0,no
94.0,20.0,17.0,15.0,279.0,1613.0,0.05,20.72,77.86,33418.04,0.54,1856.56,75.0,7.0,8.0,0.0,16.0,39.0,178.0,101.0,39.0,yes
4.0,1.0,1.0,1.0,5.0,11.61,0.67,1.5,7.74,17.41,0.0,0.97,2.0,0.0,0.0,0.0,3.0,2.0,3.0,2.0,1.0,no
31.0,5.0,1.0,3.0,167.0,863.38,0.05,18.25,47.31,15756.64,0.29,875.37,51.0,0.0,14.0,0.0,11.0,13.0,47.0,29.0,9.0,no
47.0,5.0,4.0,4.0,59.0,273.99,0.07,13.36,20.5,3661.47,0.09,203.41,19.0,3.0,5.0,0.0,16.0,23.0,69.0,49.0,5.0,no
4.0,1.0,1.0,1.0,7.0,19.65,0.4,2.5,7.86,49.13,0.01,2.73,2.0,0.0,0.0,0.0,5.0,2.0,5.0,2.0,1.0,no
9.0,1.0,1.0,1.0,13.0,41.21,0.25,4.0,10.3,164.84,0.01,9.16,3.0,2.0,2.0,0.0,6.0,3.0,9.0,4.0,1.0,no
88.0,10.0,6.0,6.0,198.0,1123.14,0.06,17.83,63.0,20023.99,0.37,1112.44,66.0,7.0,11.0,0.0,16.0,35.0,120.0,78.0,19.0,yes
30.0,6.0,5.0,4.0,72.0,346.13,0.07,14.0,24.72,4845.81,0.12,269.21,20.0,2.0,5.0,0.0,14.0,14.0,44.0,28.0,11.0,no
4.0,1.0,1.0,1.0,4.0,8.0,0.67,1.5,5.33,12.0,0.0,0.67,2.0,0.0,0.0,0.0,3.0,1.0,3.0,1.0,1.0,no
4.0,1.0,1.0,1.0,4.0,8.0,0.67,1.5,5.33,12.0,0.0,0.67,2.0,0.0,0.0,0.0,3.0,1.0,3.0,1.0,1.0,no
4.0,1.0,1.0,1.0,6.0,15.51,0.0,0.0,0.0,0.0,0.01,0.0,2.0,0.0,0.0,0.0,6.0,0.0,6.0,0.0,1.0,no
33.0,6.0,4.0,4.0,84.0,412.18,0.05,18.29,22.54,7536.98,0.14,418.72,26.0,2.0,3.0,0.0,16.0,14.0,52.0,32.0,11.0,no
4.0,1.0,1.0,1.0,5.0,11.61,0.67,1.5,7.74,17.41,0.0,0.97,2.0,0.0,0.0,0.0,3.0,2.0,3.0,2.0,1.0,no
15.0,1.0,1.0,1.0,55.0,224.81,0.17,5.73,39.25,1287.55,0.07,71.53,12.0,0.0,1.0,0.0,6.0,11.0,34.0,21.0,1.0,no
18.0,2.0,1.0,2.0,41.0,167.59,0.13,7.88,21.28,1319.74,0.06,73.32,12.0,0.0,2.0,0.0,9.0,8.0,27.0,14.0,3.0,no
6.0,1.0,1.0,1.0,5.0,11.61,0.67,1.5,7.74,17.41,0.0,0.97,3.0,0.0,1.0,0.0,3.0,2.0,3.0,2.0,1.0,no
43.0,6.0,5.0,5.0,106.0,564.12,0.04,22.5,25.07,12692.8,0.19,705.16,32.0,0.0,9.0,0.0,20.0,20.0,61.0,45.0,11.0,yes
7.0,1.0,1.0,1.0,10.0,30.0,0.3,3.33,9.0,100.0,0.01,5.56,4.0,0.0,0.0,0.0,5.0,3.0,6.0,4.0,1.0,no
49.0,4.0,1.0,4.0,126.0,618.27,0.06,16.67,37.1,10304.47,0.21,572.47,39.0,2.0,5.0,0.0,12.0,18.0,76.0,50.0,7.0,yes
30.0,2.0,1.0,2.0,63.0,292.56,0.1,9.82,29.79,2873.39,0.1,159.63,19.0,1.0,8.0,0.0,11.0,14.0,38.0,25.0,3.0,no
21.0,2.0,1.0,2.0,62.0,280.46,0.12,8.46,33.15,2373.13,0.09,131.84,16.0,0.0,3.0,0.0,10.0,13.0,40.0,22.0,3.0,no
30.0,6.0,1.0,3.0,63.0,276.72,0.13,8.0,34.59,2213.73,0.09,122.98,20.0,3.0,4.0,1.0,8.0,13.0,37.0,26.0,11.0,no
16.0,4.0,3.0,2.0,51.0,247.76,0.11,8.94,27.72,2214.33,0.08,123.02,13.0,0.0,0.0,1.0,13.0,16.0,29.0,22.0,7.0,no
45.0,9.0,1.0,4.0,197.0,1158.88,0.04,23.33,49.67,27040.55,0.39,1502.25,36.0,2.0,4.0,1.0,20.0,39.0,106.0,91.0,17.0,yes
11.0,1.0,1.0,1.0,13.0,36.5,0.4,2.5,14.6,91.24,0.01,5.07,4.0,3.0,2.0,0.0,5.0,2.0,11.0,2.0,1.0,no
140.0,22.0,17.0,18.0,421.0,2597.54,0.02,43.8,59.3,113783.48,0.87,6321.3,115.0,12.0,10.0,1.0,26.0,46.0,266.0,155.0,43.0,yes
29.0,1.0,1.0,1.0,73.0,354.63,0.11,9.17,38.69,3250.8,0.12,180.6,20.0,0.0,7.0,0.0,11.0,18.0,43.0,30.0,1.0,yes
60.0,5.0,1.0,5.0,115.0,594.54,0.08,13.28,44.76,7897.06,0.2,438.73,44.0,3.0,9.0,0.0,13.0,23.0,68.0,47.0,9.0,no
28.0,2.0,1.0,2.0,59.0,263.11,0.1,10.0,26.31,2631.06,0.09,146.17,18.0,0.0,6.0,0.0,10.0,12.0,35.0,24.0,3.0,no
42.0,4.0,1.0,3.0,78.0,393.46,0.08,12.53,31.41,4928.64,0.13,273.81,23.0,5.0,9.0,1.0,14.0,19.0,44.0,34.0,7.0,yes
82.0,10.0,1.0,10.0,220.0,1178.66,0.07,15.03,78.4,17719.21,0.39,984.4,73.0,0.0,7.0,0.0,11.0,30.0,138.0,82.0,19.0,no
60.0,7.0,4.0,6.0,173.0,986.18,0.04,23.83,41.38,23503.86,0.33,1305.77,54.0,1.0,3.0,0.0,22.0,30.0,108.0,65.0,13.0,no
28.0,4.0,1.0,4.0,59.0,241.16,0.07,13.57,17.77,3272.89,0.08,181.83,22.0,1.0,3.0,0.0,10.0,7.0,40.0,19.0,7.0,no
4.0,1.0,1.0,1.0,4.0,8.0,0.67,1.5,5.33,12.0,0.0,0.67,2.0,0.0,0.0,0.0,3.0,1.0,3.0,1.0,1.0,no
4.0,1.0,1.0,1.0,5.0,11.61,0.67,1.5,7.74,17.41,0.0,0.97,2.0,0.0,0.0,0.0,3.0,2.0,3.0,2.0,1.0,no
10.0,5.0,1.0,1.0,33.0,118.3,0.14,7.0,16.9,828.13,0.04,46.01,6.0,0.0,1.0,0.0,7.0,5.0,23.0,10.0,9.0,no
20.0,2.0,1.0,2.0,54.0,244.27,0.12,8.08,30.24,1972.97,0.08,109.61,15.0,0.0,2.0,0.0,10.0,13.0,33.0,21.0,3.0,no
6.0,1.0,1.0,1.0,11.0,34.87,0.29,3.5,9.96,122.04,0.01,6.78,4.0,0.0,0.0,0.0,7.0,2.0,9.0,2.0,1.0,no
188.0,8.0,4.0,5.0,509.0,3451.71,0.05,19.1,180.68,65942.86,1.15,3663.49,136.0,9.0,40.0,0.0,19.0,91.0,326.0,183.0,15.0,no
94.0,12.0,5.0,7.0,250.0,1494.32,0.04,23.32,64.08,34844.83,0.5,1935.82,69.0,9.0,12.0,2.0,19.0,44.0,142.0,108.0,23.0,no
4.0,1.0,1.0,1.0,5.0,11.61,0.67,1.5,7.74,17.41,0.0,0.97,2.0,0.0,0.0,0.0,3.0,2.0,3.0,2.0,1.0,no
19.0,4.0,1.0,1.0,44.0,176.0,0.09,11.57,15.21,2036.57,0.06,113.14,15.0,0.0,1.0,0.0,9.0,7.0,26.0,18.0,7.0,no
21.0,2.0,1.0,2.0,33.0,134.89,0.14,7.14,18.88,963.47,0.04,53.53,15.0,1.0,2.0,0.0,10.0,7.0,23.0,10.0,3.0,no
13.0,2.0,1.0,2.0,26.0,110.45,0.12,8.25,13.39,911.18,0.04,50.62,9.0,1.0,1.0,0.0,11.0,8.0,14.0,12.0,3.0,no
12.0,3.0,1.0,2.0,29.0,120.93,0.17,6.0,20.15,725.57,0.04,40.31,9.0,0.0,1.0,0.0,9.0,9.0,17.0,12.0,5.0,no
7.0,1.0,1.0,1.0,13.0,36.5,0.2,5.0,7.3,182.48,0.01,10.14,5.0,0.0,0.0,0.0,5.0,2.0,9.0,4.0,1.0,no
4.0,1.0,1.0,1.0,4.0,8.0,0.67,1.5,5.33,12.0,0.0,0.67,2.0,0.0,0.0,0.0,3.0,1.0,3.0,1.0,1.0,no
110.0,12.0,10.0,12.0,313.0,1825.69,0.04,24.0,76.07,43816.67,0.61,2434.26,88.0,3.0,15.0,0.0,16.0,41.0,190.0,123.0,23.0,yes
5.0,1.0,1.0,1.0,5.0,11.61,0.0,0.0,0.0,0.0,0.0,0.0,2.0,0.0,0.0,0.0,5.0,0.0,5.0,0.0,1.0,no
2.0,1.0,1.0,1.0,4.0,8.0,0.67,1.5,5.33,12.0,0.0,0.67,0.0,0.0,0.0,0.0,3.0,1.0,3.0,1.0,1.0,no
56.0,4.0,1.0,4.0,102.0,523.19,0.07,14.25,36.71,7455.41,0.17,414.19,41.0,3.0,3.0,0.0,15.0,20.0,64.0,38.0,7.0,no
36.0,5.0,1.0,2.0,103.0,548.16,0.09,11.07,49.5,6070.35,0.18,337.24,26.0,0.0,5.0,1.0,13.0,27.0,57.0,46.0,9.0,yes
241.0,20.0,4.0,20.0,619.0,4008.48,0.02,54.62,73.38,218954.95,1.34,12164.16,161.0,43.0,34.0,0.0,28.0,61.0,381.0,238.0,39.0,no
8.0,1.0,1.0,1.0,10.0,30.0,0.3,3.33,9.0,100.0,0.01,5.56,4.0,0.0,1.0,0.0,5.0,3.0,6.0,4.0,1.0,no
6.0,1.0,1.0,1.0,11.0,33.0,0.22,4.5,7.33,148.5,0.01,8.25,4.0,0.0,0.0,0.0,6.0,2.0,8.0,3.0,1.0,no
7.0,1.0,1.0,1.0,11.0,34.87,0.36,2.8,12.45,97.63,0.01,5.42,5.0,0.0,0.0,0.0,2.0,12.0,10.0,13.0,1.0,no
3.0,1.0,1.0,1.0,1.0,0.0,0.0,0.0,0.0,0.0,0.0,0.0,1.0,0.0,0.0,0.0,1.0,0.0,1.0,0.0,1.0,no
4.0,1.0,1.0,1.0,4.0,8.0,0.67,1.5,5.33,12.0,0.0,0.67,2.0,0.0,0.0,0.0,3.0,1.0,3.0,1.0,1.0,no
88.0,8.0,4.0,6.0,244.0,1416.99,0.07,15.27,92.81,21633.88,0.47,1201.88,67.0,3.0,11.0,0.0,13.0,43.0,143.0,101.0,15.0,no
4.0,1.0,1.0,1.0,23.0,87.57,0.92,1.08,80.83,94.87,0.03,5.27,4.0,0.0,0.0,0.0,1.0,0.0,1.0,0.0,1.0,no
64.0,5.0,1.0,5.0,189.0,1005.84,0.06,15.64,64.3,15734.28,0.34,874.13,50.0,0.0,7.0,0.0,12.0,28.0,116.0,73.0,9.0,no
9.0,1.0,1.0,1.0,10.0,30.0,0.3,3.33,9.0,100.0,0.01,5.56,4.0,0.0,2.0,0.0,5.0,3.0,6.0,4.0,1.0,no
14.0,3.0,1.0,2.0,49.0,211.77,0.12,8.5,24.91,1800.08,0.07,100.0,10.0,0.0,1.0,1.0,10.0,10.0,32.0,17.0,5.0,no
8.0,2.0,1.0,2.0,21.0,77.71,0.29,3.43,22.67,266.43,0.03,14.8,6.0,0.0,0.0,0.0,6.0,7.0,13.0,8.0,3.0,no
4.0,1.0,1.0,1.0,4.0,8.0,0.67,1.5,5.33,12.0,0.0,0.67,2.0,0.0,0.0,0.0,3.0,1.0,3.0,1.0,1.0,no
11.0,2.0,1.0,2.0,19.0,68.11,0.14,7.0,9.73,476.8,0.02,26.49,8.0,0.0,1.0,0.0,8.0,4.0,12.0,7.0,3.0,no
10.0,2.0,1.0,1.0,17.0,58.81,0.16,6.13,9.6,360.21,0.02,20.01,8.0,0.0,0.0,0.0,7.0,4.0,10.0,7.0,3.0,no
4.0,1.0,1.0,1.0,5.0,11.61,0.67,1.5,7.74,17.41,0.0,0.97,2.0,0.0,0.0,0.0,3.0,2.0,3.0,2.0,1.0,no
43.0,4.0,3.0,4.0,93.0,437.14,0.09,11.56,37.81,5054.44,0.15,280.8,30.0,1.0,9.0,1.0,10.0,16.0,56.0,37.0,7.0,no
6.0,1.0,1.0,1.0,9.0,25.27,0.67,1.5,16.84,37.9,0.01,2.11,4.0,0.0,0.0,0.0,3.0,4.0,5.0,4.0,1.0,no
55.0,10.0,1.0,6.0,122.0,657.86,0.05,19.41,33.89,12771.12,0.22,709.51,37.0,2.0,10.0,4.0,19.0,23.0,75.0,47.0,19.0,no
4.0,1.0,1.0,1.0,5.0,11.61,0.67,1.5,7.74,17.41,0.0,0.97,2.0,0.0,0.0,0.0,3.0,2.0,3.0,2.0,1.0,no
137.0,19.0,5.0,16.0,327.0,1976.52,0.04,26.09,75.77,51561.31,0.66,2864.52,112.0,9.0,14.0,0.0,20.0,46.0,207.0,120.0,37.0,yes
6.0,3.0,1.0,1.0,24.0,88.81,0.21,4.71,18.84,418.68,0.03,23.26,4.0,0.0,0.0,0.0,6.0,7.0,13.0,11.0,5.0,no
143.0,26.0,13.0,21.0,420.0,2639.87,0.03,37.11,71.13,97968.47,0.88,5442.69,116.0,7.0,13.0,5.0,24.0,54.0,253.0,167.0,51.0,yes
4.0,1.0,1.0,1.0,4.0,8.0,0.67,1.5,5.33,12.0,0.0,0.67,2.0,0.0,0.0,0.0,3.0,1.0,3.0,1.0,1.0,no
82.0,10.0,4.0,5.0,181.0,999.76,0.05,21.4,46.73,21391.52,0.33,1188.42,59.0,2.0,19.0,0.0,17.0,29.0,108.0,73.0,19.0,no
70.0,5.0,1.0,5.0,169.0,852.5,0.06,18.0,47.36,15345.05,0.28,852.5,54.0,2.0,12.0,0.0,12.0,21.0,106.0,63.0,9.0,yes
46.0,4.0,1.0,4.0,112.0,579.03,0.09,11.25,51.47,6514.11,0.19,361.89,36.0,0.0,5.0,0.0,12.0,24.0,67.0,45.0,7.0,no
21.0,2.0,1.0,2.0,34.0,141.78,0.15,6.87,20.62,974.72,0.05,54.15,16.0,1.0,1.0,0.0,10.0,8.0,23.0,11.0,3.0,no
48.0,15.0,1.0,7.0,160.0,827.19,0.04,23.57,35.09,19498.0,0.28,1083.22,43.0,0.0,2.0,1.0,15.0,21.0,94.0,66.0,29.0,no
4.0,1.0,1.0,1.0,5.0,11.61,0.67,1.5,7.74,17.41,0.0,0.97,2.0,0.0,0.0,0.0,3.0,2.0,3.0,2.0,1.0,no
33.0,6.0,1.0,3.0,75.0,348.29,0.11,8.72,39.95,3036.65,0.12,168.7,24.0,0.0,7.0,0.0,9.0,16.0,44.0,31.0,11.0,no
4.0,1.0,1.0,1.0,5.0,11.61,0.5,2.0,5.8,23.22,0.0,1.29,2.0,0.0,0.0,0.0,4.0,1.0,4.0,1.0,1.0,no
4.0,1.0,1.0,1.0,4.0,8.0,0.67,1.5,5.33,12.0,0.0,0.67,2.0,0.0,0.0,0.0,3.0,1.0,3.0,1.0,1.0,no
7.0,1.0,1.0,1.0,13.0,36.5,0.2,5.0,7.3,182.48,0.01,10.14,4.0,0.0,0.0,1.0,5.0,2.0,9.0,4.0,1.0,no
48.0,3.0,1.0,3.0,84.0,408.07,0.06,17.85,22.87,7282.49,0.14,404.58,34.0,5.0,5.0,0.0,16.0,13.0,55.0,29.0,5.0,no
4.0,1.0,1.0,1.0,5.0,11.61,0.67,1.5,7.74,17.41,0.0,0.97,2.0,0.0,0.0,0.0,3.0,2.0,3.0,2.0,1.0,no
21.0,5.0,1.0,3.0,68.0,311.78,0.09,10.58,29.48,3297.65,0.1,183.2,18.0,0.0,1.0,0.0,11.0,13.0,43.0,25.0,9.0,no
6.0,1.0,1.0,1.0,4.0,8.0,0.67,1.5,5.33,12.0,0.0,0.67,2.0,0.0,2.0,0.0,3.0,1.0,3.0,1.0,1.0,no
52.0,4.0,1.0,3.0,99.0,515.74,0.06,17.05,30.24,8794.65,0.17,488.59,37.0,5.0,6.0,0.0,18.0,19.0,63.0,36.0,7.0,no
29.0,4.0,1.0,4.0,47.0,206.44,0.14,7.27,28.39,1501.37,0.07,83.41,19.0,6.0,2.0,0.0,10.0,11.0,31.0,16.0,5.0,no
14.0,3.0,1.0,3.0,42.0,189.99,0.15,6.54,29.06,1242.24,0.06,69.01,10.0,0.0,2.0,0.0,10.0,13.0,25.0,17.0,5.0,yes
62.0,6.0,3.0,5.0,184.0,1022.04,0.06,16.88,60.57,17247.0,0.34,958.17,55.0,1.0,4.0,0.0,15.0,32.0,112.0,72.0,11.0,no
4.0,1.0,1.0,1.0,4.0,8.0,0.67,1.5,5.33,12.0,0.0,0.67,2.0,0.0,0.0,0.0,3.0,1.0,3.0,1.0,1.0,no
76.0,10.0,4.0,7.0,184.0,1016.34,0.03,29.4,34.57,29880.26,0.34,1660.01,60.0,3.0,9.0,0.0,21.0,25.0,114.0,70.0,19.0,yes
100.0,9.0,1.0,8.0,239.0,1411.75,0.05,22.01,64.12,31075.65,0.47,1726.42,73.0,5.0,17.0,0.0,19.0,41.0,144.0,95.0,17.0,no
4.0,1.0,1.0,1.0,4.0,8.0,0.67,1.5,5.33,12.0,0.0,0.67,2.0,0.0,0.0,0.0,3.0,1.0,3.0,1.0,1.0,no
4.0,1.0,1.0,1.0,4.0,8.0,0.67,1.5,5.33,12.0,0.0,0.67,2.0,0.0,0.0,0.0,3.0,1.0,3.0,1.0,1.0,no
55.0,12.0,9.0,9.0,187.0,1001.86,0.07,13.57,73.85,13591.93,0.33,755.11,45.0,3.0,5.0,0.0,11.0,30.0,113.0,74.0,23.0,no
5.0,1.0,1.0,1.0,5.0,11.61,0.67,1.5,7.74,17.41,0.0,0.97,2.0,0.0,0.0,0.0,3.0,2.0,3.0,2.0,1.0,no
4.0,1.0,1.0,1.0,4.0,8.0,0.67,1.5,5.33,12.0,0.0,0.67,2.0,0.0,0.0,0.0,3.0,1.0,3.0,1.0,1.0,no
4.0,1.0,1.0,1.0,5.0,11.61,0.67,1.5,7.74,17.41,0.0,0.97,2.0,0.0,0.0,0.0,3.0,2.0,3.0,2.0,1.0,no
8.0,1.0,1.0,1.0,10.0,30.0,0.3,3.33,9.0,100.0,0.01,5.56,4.0,0.0,1.0,0.0,5.0,3.0,6.0,4.0,1.0,no
35.0,5.0,1.0,4.0,77.0,388.42,0.1,10.08,38.55,3913.31,0.13,217.41,30.0,0.0,3.0,0.0,13.0,20.0,46.0,31.0,9.0,yes
4.0,1.0,1.0,1.0,4.0,8.0,0.67,1.5,5.33,12.0,0.0,0.67,2.0,0.0,0.0,0.0,3.0,1.0,3.0,1.0,1.0,no
149.0,30.0,16.0,27.0,391.0,2270.68,0.03,29.64,76.61,67305.16,0.76,3739.18,115.0,20.0,10.0,2.0,17.0,39.0,255.0,136.0,59.0,yes
107.0,9.0,4.0,7.0,317.0,1916.07,0.04,27.83,68.86,53316.81,0.64,2962.05,84.0,0.0,19.0,1.0,20.0,46.0,189.0,128.0,17.0,yes
8.0,1.0,1.0,1.0,10.0,30.0,0.3,3.33,9.0,100.0,0.01,5.56,4.0,0.0,1.0,0.0,5.0,3.0,6.0,4.0,1.0,no
47.0,7.0,6.0,6.0,165.0,931.24,0.04,24.7,37.7,23004.98,0.31,1278.05,48.0,3.0,6.0,1.0,21.0,20.0,77.0,36.0,15.0,no
57.0,8.0,8.0,8.0,160.0,785.1,0.08,13.07,60.06,10262.41,0.26,570.13,45.0,4.0,6.0,0.0,9.0,21.0,99.0,61.0,15.0,yes
4.0,1.0,1.0,1.0,4.0,8.0,0.67,1.5,5.33,12.0,0.0,0.67,2.0,0.0,0.0,0.0,3.0,1.0,3.0,1.0,1.0,no
8.0,1.0,1.0,1.0,13.0,43.19,0.27,3.75,11.52,161.94,0.01,9.0,6.0,0.0,0.0,0.0,6.0,4.0,8.0,5.0,1.0,no
8.0,1.0,1.0,1.0,10.0,31.7,0.5,2.0,15.85,63.4,0.01,3.52,3.0,0.0,0.0,1.0,4.0,5.0,5.0,5.0,1.0,no
7.0,1.0,1.0,1.0,9.0,25.27,0.27,3.75,6.74,94.75,0.01,5.26,4.0,0.0,1.0,0.0,5.0,2.0,6.0,3.0,1.0,no
4.0,1.0,1.0,1.0,4.0,8.0,0.67,1.5,5.33,12.0,0.0,0.67,2.0,0.0,0.0,0.0,3.0,1.0,3.0,1.0,1.0,no
4.0,1.0,1.0,1.0,4.0,8.0,0.67,1.5,5.33,12.0,0.0,0.67,2.0,0.0,0.0,0.0,3.0,1.0,3.0,1.0,1.0,no
55.0,4.0,1.0,3.0,131.0,715.19,0.06,17.0,42.07,12158.15,0.24,675.45,42.0,0.0,11.0,0.0,17.0,27.0,77.0,54.0,7.0,yes
16.0,1.0,1.0,1.0,58.0,265.93,0.12,8.57,31.02,2279.38,0.09,126.63,13.0,2.0,5.0,0.0,9.0,9.0,22.0,12.0,3.0,no
10.0,2.0,1.0,1.0,28.0,114.45,0.19,5.33,21.46,610.39,0.04,33.91,6.0,0.0,2.0,0.0,8.0,9.0,16.0,12.0,3.0,no
102.0,25.0,4.0,4.0,248.0,1488.0,0.05,19.17,77.62,28525.28,0.5,1584.74,92.0,3.0,5.0,0.0,17.0,47.0,142.0,106.0,49.0,no
6.0,1.0,1.0,1.0,5.0,11.61,0.67,1.5,7.74,17.41,0.0,0.97,3.0,0.0,1.0,0.0,3.0,2.0,3.0,2.0,1.0,no
6.0,1.0,1.0,1.0,15.0,49.83,0.43,2.33,21.36,116.27,0.02,6.46,4.0,0.0,0.0,0.0,4.0,6.0,8.0,7.0,1.0,no
275.0,24.0,18.0,21.0,572.0,3731.48,0.02,41.95,88.94,156552.44,1.24,8697.36,195.0,38.0,39.0,1.0,26.0,66.0,359.0,213.0,47.0,yes
45.0,3.0,1.0,3.0,84.0,416.15,0.06,17.07,24.38,7102.34,0.14,394.57,28.0,10.0,5.0,0.0,16.0,15.0,52.0,32.0,5.0,no
14.0,2.0,1.0,1.0,11.0,36.54,0.27,3.75,9.74,137.03,0.01,7.61,3.0,9.0,0.0,0.0,6.0,4.0,6.0,5.0,3.0,no
7.0,2.0,1.0,2.0,10.0,30.0,0.22,4.5,6.67,135.0,0.01,7.5,5.0,0.0,0.0,0.0,6.0,2.0,7.0,3.0,3.0,no
7.0,1.0,1.0,1.0,17.0,58.81,0.67,1.5,39.21,88.22,0.02,4.9,5.0,0.0,0.0,0.0,3.0,6.0,9.0,8.0,1.0,no
28.0,2.0,1.0,2.0,69.0,324.33,0.1,10.27,31.59,3329.79,0.11,184.99,18.0,1.0,7.0,0.0,11.0,15.0,41.0,28.0,3.0,no
26.0,4.0,1.0,4.0,51.0,199.25,0.09,11.25,17.71,2241.58,0.07,124.53,19.0,0.0,5.0,0.0,9.0,6.0,36.0,15.0,7.0,no
109.0,8.0,1.0,8.0,296.0,1596.13,0.03,28.75,55.52,45888.62,0.53,2549.37,89.0,2.0,16.0,0.0,14.0,28.0,181.0,115.0,15.0,no
30.0,5.0,1.0,4.0,58.0,278.83,0.13,7.88,35.41,2195.76,0.09,121.99,23.0,0.0,5.0,0.0,12.0,16.0,37.0,21.0,9.0,no
4.0,1.0,1.0,1.0,4.0,8.0,0.67,1.5,5.33,12.0,0.0,0.67,2.0,0.0,0.0,0.0,3.0,1.0,3.0,1.0,1.0,no
8.0,1.0,1.0,1.0,1.0,0.0,0.0,0.0,0.0,0.0,0.0,0.0,1.0,0.0,0.0,0.0,4.0,4.0,4.0,6.0,1.0,no
23.0,3.0,1.0,2.0,40.0,183.4,0.15,6.77,27.09,1241.47,0.06,68.97,11.0,6.0,4.0,0.0,11.0,13.0,24.0,16.0,5.0,no
4.0,1.0,1.0,1.0,4.0,8.0,0.67,1.5,5.33,12.0,0.0,0.67,2.0,0.0,0.0,0.0,3.0,1.0,3.0,1.0,1.0,no
6.0,1.0,1.0,1.0,11.0,33.0,0.22,4.5,7.33,148.5,0.01,8.25,4.0,0.0,0.0,0.0,6.0,2.0,8.0,3.0,1.0,no
7.0,1.0,1.0,1.0,6.0,15.51,0.4,2.5,6.2,38.77,0.01,2.15,3.0,0.0,1.0,0.0,5.0,1.0,5.0,1.0,1.0,no
30.0,3.0,1.0,3.0,57.0,257.83,0.09,11.45,22.51,2953.47,0.09,164.08,24.0,0.0,3.0,1.0,12.0,11.0,36.0,21.0,5.0,no
15.0,3.0,1.0,2.0,49.0,211.77,0.12,8.5,24.91,1800.08,0.07,100.0,12.0,0.0,1.0,0.0,10.0,10.0,32.0,17.0,5.0,no
4.0,1.0,1.0,1.0,4.0,8.0,0.67,1.5,5.33,12.0,0.0,0.67,2.0,0.0,0.0,0.0,3.0,1.0,3.0,1.0,1.0,no
194.0,23.0,1.0,11.0,504.0,3204.21,0.02,43.41,73.81,139096.88,1.07,7727.6,137.0,23.0,29.0,1.0,26.0,56.0,317.0,187.0,45.0,yes
2.0,1.0,1.0,1.0,4.0,8.0,0.67,1.5,5.33,12.0,0.0,0.67,0.0,0.0,0.0,0.0,3.0,1.0,3.0,1.0,1.0,no
16.0,4.0,3.0,2.0,49.0,238.04,0.12,8.53,27.9,2030.79,0.08,112.82,13.0,0.0,0.0,1.0,13.0,16.0,28.0,21.0,7.0,no
51.0,6.0,1.0,5.0,125.0,635.93,0.05,20.44,31.11,13001.29,0.21,722.29,35.0,2.0,11.0,0.0,16.0,18.0,79.0,46.0,11.0,no
28.0,5.0,1.0,2.0,78.0,386.43,0.09,11.56,33.44,4465.38,0.13,248.08,18.0,2.0,6.0,0.0,13.0,18.0,46.0,32.0,9.0,no
2.0,1.0,1.0,1.0,5.0,11.61,0.67,1.5,7.74,17.41,0.0,0.97,0.0,0.0,0.0,0.0,3.0,2.0,3.0,2.0,1.0,no
97.0,7.0,3.0,6.0,213.0,1176.52,0.06,16.19,72.68,19044.9,0.39,1058.05,61.0,26.0,8.0,0.0,14.0,32.0,139.0,74.0,13.0,yes
175.0,26.0,12.0,13.0,500.0,3123.96,0.03,29.48,105.96,92103.07,1.04,5116.84,142.0,7.0,19.0,4.0,18.0,58.0,310.0,190.0,51.0,yes
4.0,1.0,1.0,1.0,5.0,11.61,0.67,1.5,7.74,17.41,0.0,0.97,2.0,0.0,0.0,0.0,3.0,2.0,3.0,2.0,1.0,no
72.0,12.0,5.0,6.0,200.0,1122.94,0.04,23.23,48.35,26081.23,0.37,1448.96,63.0,0.0,6.0,0.0,18.0,31.0,120.0,80.0,23.0,yes
4.0,1.0,1.0,1.0,4.0,8.0,0.67,1.5,5.33,12.0,0.0,0.67,2.0,0.0,0.0,0.0,3.0,1.0,3.0,1.0,1.0,no
4.0,1.0,1.0,1.0,4.0,8.0,0.67,1.5,5.33,12.0,0.0,0.67,2.0,0.0,0.0,0.0,3.0,1.0,3.0,1.0,1.0,no
59.0,7.0,7.0,5.0,136.0,728.63,0.06,17.28,42.17,12590.68,0.24,699.48,44.0,2.0,8.0,2.0,16.0,25.0,82.0,54.0,13.0,yes
4.0,1.0,1.0,1.0,9.0,25.27,0.0,0.0,0.0,0.0,0.01,0.0,2.0,0.0,0.0,0.0,7.0,0.0,9.0,0.0,1.0,no
63.0,8.0,7.0,7.0,194.0,1121.58,0.05,19.22,58.37,21552.6,0.37,1197.37,49.0,2.0,10.0,0.0,18.0,37.0,115.0,79.0,15.0,yes
8.0,1.0,1.0,1.0,13.0,41.21,0.67,1.5,27.47,61.81,0.01,3.43,4.0,0.0,1.0,0.0,3.0,6.0,7.0,6.0,1.0,no
45.0,5.0,1.0,4.0,117.0,626.83,0.07,13.76,45.55,8625.23,0.21,479.18,37.0,1.0,5.0,0.0,16.0,25.0,74.0,43.0,9.0,no
4.0,1.0,1.0,1.0,6.0,15.51,0.5,2.0,7.75,31.02,0.01,1.72,2.0,0.0,0.0,0.0,4.0,2.0,4.0,2.0,1.0,no
4.0,1.0,1.0,1.0,4.0,8.0,0.67,1.5,5.33,12.0,0.0,0.67,2.0,0.0,0.0,0.0,3.0,1.0,3.0,1.0,1.0,no
6.0,2.0,1.0,1.0,15.0,55.51,0.33,3.0,18.5,166.52,0.02,9.25,4.0,0.0,0.0,0.0,6.0,7.0,8.0,7.0,3.0,no
9.0,1.0,1.0,1.0,8.0,22.46,0.5,2.0,11.23,44.92,0.01,2.5,4.0,0.0,2.0,0.0,4.0,3.0,5.0,3.0,1.0,no
15.0,3.0,1.0,2.0,32.0,138.3,0.15,6.5,21.28,898.96,0.05,49.94,12.0,0.0,1.0,0.0,10.0,10.0,19.0,13.0,5.0,no
4.0,1.0,1.0,1.0,5.0,11.61,0.67,1.5,7.74,17.41,0.0,0.97,2.0,0.0,0.0,0.0,3.0,2.0,3.0,2.0,1.0,no
30.0,5.0,3.0,4.0,86.0,421.99,0.08,12.67,33.32,5345.24,0.14,296.96,20.0,3.0,5.0,0.0,12.0,18.0,48.0,38.0,9.0,no
58.0,13.0,3.0,5.0,163.0,878.95,0.06,17.5,50.23,15381.59,0.29,854.53,36.0,10.0,8.0,2.0,14.0,28.0,93.0,70.0,25.0,no
80.0,8.0,1.0,6.0,203.0,1101.53,0.06,17.14,64.26,18877.98,0.37,1048.78,58.0,8.0,11.0,0.0,14.0,29.0,132.0,71.0,15.0,yes
10.0,1.0,1.0,1.0,17.0,53.89,0.5,2.0,26.94,107.78,0.02,5.99,5.0,0.0,0.0,0.0,3.0,8.0,9.0,8.0,1.0,no
4.0,1.0,1.0,1.0,4.0,8.0,0.67,1.5,5.33,12.0,0.0,0.67,2.0,0.0,0.0,0.0,3.0,1.0,3.0,1.0,1.0,no
4.0,1.0,1.0,1.0,5.0,11.61,0.5,2.0,5.8,23.22,0.0,1.29,2.0,0.0,0.0,0.0,4.0,1.0,4.0,1.0,1.0,no
7.0,4.0,1.0,1.0,33.0,128.93,0.19,5.33,24.17,687.61,0.04,38.2,5.0,0.0,0.0,0.0,6.0,9.0,17.0,16.0,7.0,no
5.0,1.0,1.0,1.0,5.0,11.61,0.67,1.5,7.74,17.41,0.0,0.97,2.0,0.0,1.0,0.0,3.0,2.0,3.0,2.0,1.0,no
21.0,3.0,3.0,2.0,42.0,187.3,0.07,15.0,12.49,2809.44,0.06,156.08,16.0,0.0,3.0,0.0,15.0,7.0,28.0,14.0,5.0,no
4.0,1.0,1.0,1.0,4.0,8.0,0.67,1.5,5.33,12.0,0.0,0.67,2.0,0.0,0.0,0.0,3.0,1.0,3.0,1.0,1.0,no
4.0,1.0,1.0,1.0,5.0,11.61,0.67,1.5,7.74,17.41,0.0,0.97,2.0,0.0,0.0,0.0,3.0,2.0,3.0,2.0,1.0,no
60.0,9.0,5.0,5.0,110.0,573.04,0.05,22.17,25.85,12702.38,0.19,705.69,38.0,17.0,2.0,0.0,19.0,18.0,68.0,42.0,17.0,yes
4.0,1.0,1.0,1.0,4.0,8.0,0.67,1.5,5.33,12.0,0.0,0.67,2.0,0.0,0.0,0.0,3.0,1.0,3.0,1.0,1.0,no
3.0,1.0,1.0,1.0,1.0,0.0,0.0,0.0,0.0,0.0,0.0,0.0,1.0,0.0,0.0,0.0,1.0,0.0,1.0,0.0,1.0,no
5.0,1.0,1.0,1.0,4.0,6.34,1.33,0.75,8.45,4.75,0.0,0.26,3.0,0.0,0.0,0.0,1.0,2.0,1.0,3.0,1.0,no
4.0,1.0,1.0,1.0,5.0,11.61,0.67,1.5,7.74,17.41,0.0,0.97,2.0,0.0,0.0,0.0,3.0,2.0,3.0,2.0,1.0,no
15.0,2.0,1.0,1.0,19.0,74.23,0.33,3.0,24.74,222.69,0.02,12.37,4.0,0.0,0.0,0.0,8.0,18.0,24.0,22.0,3.0,yes
14.0,2.0,1.0,2.0,22.0,88.0,0.17,5.79,15.21,509.14,0.03,28.29,8.0,0.0,1.0,0.0,9.0,7.0,13.0,9.0,3.0,no
10.0,2.0,1.0,2.0,18.0,64.53,0.14,7.0,9.22,451.71,0.02,25.09,8.0,0.0,0.0,0.0,8.0,4.0,11.0,7.0,3.0,no
118.0,3.0,1.0,2.0,353.0,2050.0,0.03,31.2,65.71,63959.88,0.68,3553.33,87.0,1.0,23.0,0.0,16.0,40.0,197.0,156.0,5.0,yes
22.0,2.0,1.0,2.0,34.0,141.78,0.17,6.0,23.63,850.66,0.05,47.26,8.0,1.0,4.0,0.0,10.0,14.0,34.0,24.0,1.0,no
66.0,13.0,3.0,7.0,161.0,868.16,0.04,23.96,36.24,20798.17,0.29,1155.45,52.0,4.0,7.0,1.0,19.0,23.0,103.0,58.0,25.0,no
2.0,1.0,1.0,1.0,1.0,0.0,0.0,0.0,0.0,0.0,0.0,0.0,0.0,0.0,0.0,0.0,3.0,2.0,3.0,2.0,1.0,no
4.0,1.0,1.0,1.0,7.0,11.09,0.67,1.5,7.4,16.64,0.0,0.92,3.0,0.0,0.0,0.0,2.0,4.0,2.0,8.0,1.0,no
4.0,1.0,1.0,1.0,4.0,8.0,0.67,1.5,5.33,12.0,0.0,0.67,2.0,0.0,0.0,0.0,3.0,1.0,3.0,1.0,1.0,no
32.0,4.0,1.0,2.0,63.0,306.05,0.16,6.3,48.58,1928.13,0.1,107.12,21.0,2.0,6.0,1.0,9.0,20.0,35.0,28.0,7.0,no
113.0,14.0,8.0,12.0,265.0,1558.9,0.05,20.44,76.27,31864.67,0.52,1770.26,85.0,9.0,15.0,0.0,17.0,42.0,164.0,101.0,27.0,yes
133.0,21.0,9.0,12.0,408.0,2586.66,0.04,27.7,93.36,71663.17,0.86,3981.29,98.0,7.0,20.0,6.0,20.0,61.0,239.0,169.0,41.0,yes
4.0,1.0,1.0,1.0,4.0,8.0,0.67,1.5,5.33,12.0,0.0,0.67,2.0,0.0,0.0,0.0,3.0,1.0,3.0,1.0,1.0,no
20.0,4.0,3.0,3.0,45.0,206.32,0.09,10.64,19.4,2194.53,0.07,121.92,15.0,1.0,2.0,0.0,13.0,11.0,27.0,18.0,7.0,no
12.0,2.0,1.0,2.0,15.0,45.0,0.17,6.0,7.5,270.0,0.02,15.0,8.0,1.0,0.0,0.0,6.0,2.0,11.0,4.0,3.0,no
99.0,9.0,5.0,5.0,162.0,889.68,0.11,9.22,96.49,8203.37,0.3,455.74,46.0,0.0,8.0,0.0,16.0,50.0,172.0,113.0,5.0,yes
269.0,47.0,8.0,31.0,852.0,5610.39,0.02,48.44,115.82,271767.2,1.87,15098.18,198.0,29.0,26.0,11.0,21.0,75.0,506.0,346.0,97.0,yes
10.0,2.0,1.0,2.0,18.0,64.53,0.14,7.0,9.22,451.71,0.02,25.09,8.0,0.0,0.0,0.0,8.0,4.0,11.0,7.0,3.0,no
4.0,1.0,1.0,1.0,4.0,8.0,0.67,1.5,5.33,12.0,0.0,0.67,2.0,0.0,0.0,0.0,3.0,1.0,3.0,1.0,1.0,no
6.0,1.0,1.0,1.0,14.0,48.43,0.4,2.5,19.37,121.08,0.02,6.73,3.0,0.0,0.0,0.0,5.0,6.0,8.0,6.0,1.0,no
4.0,1.0,1.0,1.0,4.0,8.0,0.67,1.5,5.33,12.0,0.0,0.67,2.0,0.0,0.0,0.0,3.0,1.0,3.0,1.0,1.0,no
4.0,1.0,1.0,1.0,4.0,8.0,0.67,1.5,5.33,12.0,0.0,0.67,2.0,0.0,0.0,0.0,3.0,1.0,3.0,1.0,1.0,no
63.0,5.0,1.0,4.0,160.0,873.51,0.06,16.57,52.73,14471.13,0.29,803.95,50.0,1.0,10.0,0.0,14.0,30.0,89.0,71.0,9.0,yes
4.0,1.0,1.0,1.0,4.0,8.0,0.67,1.5,5.33,12.0,0.0,0.67,2.0,0.0,0.0,0.0,3.0,1.0,3.0,1.0,1.0,no
8.0,1.0,1.0,1.0,10.0,30.0,0.3,3.33,9.0,100.0,0.01,5.56,4.0,0.0,1.0,0.0,5.0,3.0,6.0,4.0,1.0,yes
61.0,7.0,1.0,4.0,166.0,916.91,0.06,16.19,56.64,14842.5,0.31,824.58,49.0,1.0,9.0,0.0,14.0,32.0,92.0,74.0,13.0,yes
10.0,2.0,1.0,1.0,24.0,96.0,0.2,5.0,19.2,480.0,0.03,26.67,6.0,0.0,2.0,0.0,8.0,8.0,14.0,10.0,3.0,no
43.0,3.0,1.0,3.0,72.0,346.13,0.06,16.67,20.77,5768.83,0.12,320.49,29.0,4.0,6.0,0.0,16.0,12.0,47.0,25.0,5.0,no
7.0,4.0,1.0,1.0,33.0,128.93,0.19,5.33,24.17,687.61,0.04,38.2,5.0,0.0,0.0,0.0,6.0,9.0,17.0,16.0,7.0,no
19.0,3.0,3.0,2.0,35.0,145.95,0.09,11.0,13.27,1605.42,0.05,89.19,14.0,1.0,2.0,0.0,11.0,7.0,21.0,14.0,5.0,no
4.0,1.0,1.0,1.0,4.0,8.0,0.67,1.5,5.33,12.0,0.0,0.67,2.0,0.0,0.0,0.0,3.0,1.0,3.0,1.0,1.0,no
4.0,1.0,1.0,1.0,4.0,8.0,0.67,1.5,5.33,12.0,0.0,0.67,2.0,0.0,0.0,0.0,3.0,1.0,3.0,1.0,1.0,no
4.0,1.0,1.0,1.0,4.0,8.0,0.67,1.5,5.33,12.0,0.0,0.67,2.0,0.0,0.0,0.0,3.0,1.0,3.0,1.0,1.0,no
5.0,2.0,1.0,1.0,15.0,53.77,0.33,3.0,17.92,161.32,0.02,8.96,3.0,0.0,0.0,0.0,6.0,6.0,9.0,6.0,3.0,no
6.0,1.0,1.0,1.0,15.0,49.83,0.43,2.33,21.36,116.27,0.02,6.46,4.0,0.0,0.0,0.0,4.0,6.0,8.0,7.0,1.0,no
11.0,2.0,1.0,2.0,17.0,60.94,0.17,6.0,10.16,365.67,0.02,20.31,8.0,0.0,1.0,0.0,8.0,4.0,11.0,6.0,3.0,no
7.0,1.0,1.0,1.0,8.0,22.46,0.5,2.0,11.23,44.92,0.01,2.5,4.0,0.0,1.0,0.0,4.0,3.0,5.0,3.0,1.0,no
6.0,1.0,1.0,1.0,5.0,11.61,0.67,1.5,7.74,17.41,0.0,0.97,3.0,0.0,1.0,0.0,3.0,2.0,3.0,2.0,1.0,no
13.0,1.0,1.0,1.0,14.0,46.51,0.67,1.5,31.0,69.76,0.02,3.88,4.0,0.0,2.0,2.0,3.0,7.0,7.0,7.0,1.0,no
4.0,1.0,1.0,1.0,4.0,8.0,0.67,1.5,5.33,12.0,0.0,0.67,2.0,0.0,0.0,0.0,3.0,1.0,3.0,1.0,1.0,no
1.0,1.0,1.0,1.0,1.0,1.0,1.0,1.0,1.0,1.0,1.0,1.0,1.0,1.0,1.0,1.0,1.0,1.0,1.0,1.0,1.0,yes
591.0,87.0,34.0,61.0,1886.0,14068.49,0.02,64.05,219.66,901039.76,4.69,50057.76,443.0,40.0,92.0,6.0,26.0,150.0,1147.0,739.0,173.0,yes
81.0,7.0,1.0,7.0,207.0,1136.81,0.04,22.77,49.93,25882.81,0.38,1437.93,62.0,4.0,11.0,0.0,17.0,28.0,132.0,75.0,13.0,yes
4.0,2.0,1.0,1.0,11.0,36.54,0.4,2.5,14.62,91.35,0.01,5.08,2.0,0.0,0.0,0.0,5.0,5.0,6.0,5.0,3.0,no
1.0,1.0,1.0,1.0,6.0,15.51,0.4,2.5,6.2,38.77,0.01,2.15,0.0,0.0,0.0,0.0,5.0,1.0,5.0,1.0,1.0,no
3.0,1.0,1.0,1.0,1.0,0.0,0.0,0.0,0.0,0.0,0.0,0.0,1.0,0.0,0.0,0.0,1.0,0.0,1.0,0.0,1.0,no
29.0,2.0,1.0,2.0,105.0,554.97,0.13,7.76,71.53,4305.78,0.18,239.21,24.0,0.0,2.0,0.0,10.0,29.0,60.0,45.0,3.0,no
39.0,4.0,1.0,2.0,105.0,520.19,0.07,13.89,37.44,7227.91,0.17,401.55,29.0,1.0,4.0,2.0,12.0,19.0,61.0,44.0,7.0,no
102.0,21.0,8.0,10.0,294.0,1699.72,0.04,27.73,61.3,47132.77,0.57,2618.49,79.0,4.0,15.0,2.0,18.0,37.0,180.0,114.0,41.0,yes
2.0,1.0,1.0,1.0,5.0,11.61,0.67,1.5,7.74,17.41,0.0,0.97,0.0,0.0,0.0,0.0,3.0,2.0,3.0,2.0,1.0,no
105.0,16.0,14.0,11.0,294.0,1743.64,0.03,31.5,55.35,54924.56,0.58,3051.36,87.0,3.0,12.0,1.0,21.0,40.0,174.0,120.0,31.0,yes
58.0,10.0,5.0,6.0,176.0,949.05,0.05,21.54,44.06,20441.03,0.32,1135.61,50.0,4.0,2.0,0.0,16.0,26.0,106.0,70.0,19.0,yes
55.0,13.0,1.0,13.0,100.0,504.44,0.09,10.73,47.03,5410.11,0.17,300.56,40.0,0.0,13.0,0.0,13.0,20.0,67.0,33.0,25.0,no
68.0,5.0,1.0,3.0,76.0,348.46,0.08,12.27,28.4,4275.3,0.12,237.52,25.0,0.0,4.0,0.0,12.0,24.0,94.0,73.0,9.0,no
29.0,3.0,1.0,3.0,72.0,334.36,0.09,10.61,31.52,3546.58,0.11,197.03,22.0,1.0,3.0,0.0,11.0,14.0,45.0,27.0,5.0,no
18.0,2.0,1.0,2.0,33.0,132.0,0.1,10.0,13.2,1320.0,0.04,73.33,12.0,1.0,3.0,0.0,10.0,6.0,21.0,12.0,3.0,yes
20.0,4.0,1.0,3.0,45.0,200.67,0.15,6.67,30.1,1337.83,0.07,74.32,14.0,3.0,1.0,0.0,10.0,12.0,29.0,16.0,7.0,no
18.0,5.0,1.0,2.0,54.0,233.38,0.07,13.44,17.36,3137.72,0.08,174.32,12.0,1.0,3.0,0.0,11.0,9.0,32.0,22.0,9.0,no
10.0,1.0,1.0,1.0,12.0,38.04,0.25,4.0,9.51,152.16,0.01,8.45,5.0,0.0,3.0,0.0,6.0,3.0,8.0,4.0,1.0,no
20.0,2.0,1.0,2.0,54.0,216.0,0.16,6.3,34.29,1360.8,0.07,75.6,14.0,3.0,1.0,0.0,6.0,10.0,33.0,21.0,3.0,no
4.0,1.0,1.0,1.0,9.0,25.27,0.67,1.5,16.84,37.9,0.01,2.11,2.0,0.0,0.0,0.0,3.0,4.0,5.0,4.0,1.0,no
106.0,12.0,7.0,8.0,261.0,1457.68,0.05,21.41,68.08,31211.4,0.49,1733.97,81.0,5.0,15.0,1.0,14.0,34.0,157.0,104.0,23.0,no
46.0,4.0,1.0,4.0,114.0,564.78,0.06,15.53,36.37,8769.75,0.19,487.21,35.0,1.0,7.0,1.0,13.0,18.0,71.0,43.0,7.0,no
6.0,2.0,1.0,2.0,13.0,41.21,0.33,3.0,13.74,123.63,0.01,6.87,4.0,0.0,0.0,0.0,6.0,3.0,10.0,3.0,3.0,no
33.0,4.0,3.0,4.0,84.0,408.07,0.11,8.86,46.05,3615.96,0.14,200.89,24.0,3.0,3.0,1.0,11.0,18.0,55.0,29.0,7.0,no
4.0,1.0,1.0,1.0,4.0,8.0,0.67,1.5,5.33,12.0,0.0,0.67,2.0,0.0,0.0,0.0,3.0,1.0,3.0,1.0,1.0,no
20.0,4.0,3.0,3.0,40.0,178.38,0.07,15.0,11.89,2675.66,0.06,148.65,16.0,0.0,2.0,0.0,15.0,7.0,26.0,14.0,7.0,no
6.0,2.0,1.0,1.0,15.0,53.77,0.4,2.5,21.51,134.44,0.02,7.47,2.0,0.0,2.0,0.0,5.0,7.0,8.0,7.0,3.0,yes
2.0,1.0,1.0,1.0,1.0,0.0,0.0,0.0,0.0,0.0,0.0,0.0,0.0,0.0,0.0,0.0,1.0,0.0,1.0,0.0,1.0,no
144.0,14.0,7.0,11.0,322.0,1960.16,0.03,34.01,57.63,66668.34,0.65,3703.8,106.0,29.0,7.0,0.0,25.0,43.0,205.0,117.0,27.0,no
14.0,2.0,1.0,2.0,61.0,307.71,0.11,9.42,32.65,2900.15,0.1,161.12,12.0,0.0,0.0,0.0,13.0,20.0,32.0,29.0,3.0,yes
4.0,1.0,1.0,1.0,2.0,2.0,2.0,0.5,4.0,1.0,0.0,0.06,2.0,0.0,0.0,0.0,1.0,1.0,1.0,1.0,1.0,no
36.0,8.0,8.0,5.0,113.0,574.88,0.04,23.06,24.93,13258.25,0.19,736.57,26.0,1.0,6.0,1.0,18.0,16.0,72.0,41.0,15.0,no
15.0,1.0,1.0,1.0,32.0,135.93,0.13,7.56,17.97,1028.0,0.05,57.11,9.0,0.0,3.0,0.0,11.0,8.0,21.0,11.0,1.0,no
174.0,29.0,7.0,14.0,466.0,2937.56,0.03,39.84,73.74,117030.36,0.98,6501.69,133.0,4.0,32.0,2.0,23.0,56.0,272.0,194.0,57.0,no
12.0,1.0,1.0,1.0,23.0,87.57,0.16,6.25,14.01,547.31,0.03,30.41,6.0,0.0,2.0,0.0,10.0,4.0,18.0,5.0,1.0,no
33.0,6.0,1.0,3.0,82.0,413.64,0.08,12.89,32.08,5333.78,0.14,296.32,28.0,0.0,3.0,0.0,14.0,19.0,47.0,35.0,11.0,yes
13.0,2.0,1.0,2.0,20.0,78.14,0.17,6.0,13.02,468.83,0.03,26.05,8.0,0.0,1.0,0.0,9.0,6.0,12.0,8.0,3.0,no
59.0,9.0,5.0,6.0,184.0,985.79,0.04,25.04,39.36,24687.6,0.33,1371.53,44.0,1.0,10.0,0.0,18.0,23.0,120.0,64.0,17.0,yes
6.0,1.0,1.0,1.0,15.0,49.83,0.43,2.33,21.36,116.27,0.02,6.46,4.0,0.0,0.0,0.0,4.0,6.0,8.0,7.0,1.0,no
4.0,1.0,1.0,1.0,4.0,8.0,0.67,1.5,5.33,12.0,0.0,0.67,2.0,0.0,0.0,0.0,3.0,1.0,3.0,1.0,1.0,yes
45.0,9.0,6.0,7.0,132.0,707.2,0.07,13.48,52.46,9534.06,0.24,529.67,39.0,3.0,1.0,0.0,14.0,27.0,80.0,52.0,17.0,yes
6.0,1.0,1.0,1.0,15.0,49.83,0.43,2.33,21.36,116.27,0.02,6.46,4.0,0.0,0.0,0.0,4.0,6.0,8.0,7.0,1.0,no
34.0,6.0,6.0,6.0,80.0,403.55,0.06,16.29,24.78,6572.12,0.13,365.12,27.0,1.0,4.0,0.0,19.0,14.0,56.0,24.0,11.0,yes
47.0,2.0,1.0,2.0,385.0,2375.42,0.03,34.5,68.85,81952.03,0.79,4552.89,119.0,6.0,18.0,0.0,11.0,25.0,87.0,44.0,31.0,no
15.0,2.0,1.0,1.0,38.0,169.46,0.13,7.8,21.73,1321.78,0.06,73.43,10.0,0.0,1.0,0.0,12.0,10.0,25.0,13.0,3.0,no
104.0,17.0,5.0,11.0,356.0,2159.53,0.04,22.27,96.95,48102.42,0.72,2672.36,86.0,5.0,11.0,0.0,16.0,51.0,214.0,142.0,33.0,yes
64.0,6.0,1.0,6.0,185.0,977.8,0.05,19.32,50.61,18891.08,0.33,1049.5,49.0,7.0,5.0,0.0,14.0,25.0,116.0,69.0,11.0,no
12.0,2.0,1.0,2.0,15.0,51.89,0.23,4.38,11.86,227.03,0.02,12.61,7.0,1.0,2.0,0.0,7.0,4.0,10.0,5.0,3.0,no
4.0,1.0,1.0,1.0,9.0,25.27,0.0,0.0,0.0,0.0,0.01,0.0,2.0,0.0,0.0,0.0,7.0,0.0,9.0,0.0,1.0,no
4.0,1.0,1.0,1.0,5.0,11.61,0.67,1.5,7.74,17.41,0.0,0.97,2.0,0.0,0.0,0.0,3.0,2.0,3.0,2.0,1.0,no
6.0,1.0,1.0,1.0,16.0,57.36,0.35,2.86,20.08,163.88,0.02,9.1,5.0,0.0,0.0,0.0,5.0,7.0,8.0,8.0,1.0,no
83.0,7.0,1.0,6.0,223.0,1161.71,0.04,26.78,43.38,31113.57,0.39,1728.53,66.0,1.0,12.0,0.0,14.0,23.0,135.0,88.0,13.0,no
46.0,3.0,1.0,2.0,79.0,387.64,0.1,10.42,37.2,4039.66,0.13,224.43,24.0,12.0,7.0,0.0,11.0,13.0,47.0,29.0,5.0,yes
45.0,4.0,1.0,4.0,88.0,423.05,0.07,13.43,31.49,5682.93,0.14,315.72,30.0,7.0,4.0,0.0,13.0,15.0,57.0,31.0,7.0,no
5.0,1.0,1.0,1.0,5.0,11.61,0.5,2.0,5.8,23.22,0.0,1.29,2.0,1.0,0.0,0.0,4.0,1.0,4.0,1.0,1.0,no
61.0,8.0,7.0,7.0,113.0,605.4,0.05,18.9,32.03,11442.12,0.2,635.67,38.0,2.0,4.0,0.0,23.0,27.0,107.0,58.0,13.0,yes
6.0,1.0,1.0,1.0,15.0,49.83,0.43,2.33,21.36,116.27,0.02,6.46,4.0,0.0,0.0,0.0,4.0,6.0,8.0,7.0,1.0,no
4.0,1.0,1.0,1.0,4.0,8.0,0.67,1.5,5.33,12.0,0.0,0.67,2.0,0.0,0.0,0.0,3.0,1.0,3.0,1.0,1.0,no
4.0,1.0,1.0,1.0,4.0,8.0,0.67,1.5,5.33,12.0,0.0,0.67,2.0,0.0,0.0,0.0,3.0,1.0,3.0,1.0,1.0,no
54.0,7.0,3.0,7.0,118.0,590.0,0.05,20.29,29.07,11973.53,0.2,665.2,42.0,1.0,8.0,1.0,15.0,17.0,72.0,46.0,13.0,no
44.0,2.0,1.0,2.0,66.0,326.98,0.09,11.12,29.41,3635.21,0.11,201.96,22.0,12.0,7.0,0.0,14.0,17.0,39.0,27.0,3.0,yes
43.0,5.0,1.0,4.0,101.0,513.83,0.06,15.79,32.54,8113.16,0.17,450.73,30.0,3.0,7.0,0.0,15.0,19.0,61.0,40.0,9.0,no
4.0,1.0,1.0,1.0,5.0,11.61,0.67,1.5,7.74,17.41,0.0,0.97,2.0,0.0,0.0,0.0,3.0,2.0,3.0,2.0,1.0,no
22.0,3.0,1.0,3.0,50.0,219.62,0.14,7.13,30.82,1564.76,0.07,86.93,16.0,2.0,2.0,0.0,9.0,12.0,31.0,19.0,5.0,no
21.0,2.0,1.0,2.0,36.0,152.93,0.12,8.57,17.84,1310.79,0.05,72.82,16.0,0.0,3.0,0.0,12.0,7.0,26.0,10.0,3.0,no
38.0,2.0,1.0,2.0,69.0,353.92,0.2,5.02,70.51,1776.41,0.12,98.69,25.0,0.0,2.0,0.0,9.0,26.0,40.0,29.0,3.0,no
34.0,3.0,1.0,3.0,53.0,249.12,0.07,13.64,18.27,3397.14,0.08,188.73,19.0,7.0,5.0,0.0,15.0,11.0,33.0,20.0,5.0,no
4.0,1.0,1.0,1.0,4.0,8.0,0.67,1.5,5.33,12.0,0.0,0.67,2.0,0.0,0.0,0.0,3.0,1.0,3.0,1.0,1.0,no
4.0,1.0,1.0,1.0,6.0,15.51,0.4,2.5,6.2,38.77,0.01,2.15,2.0,0.0,0.0,0.0,5.0,1.0,5.0,1.0,1.0,no
4.0,1.0,1.0,1.0,4.0,8.0,0.67,1.5,5.33,12.0,0.0,0.67,2.0,0.0,0.0,0.0,3.0,1.0,3.0,1.0,1.0,no
40.0,4.0,1.0,4.0,102.0,495.51,0.09,11.61,42.68,5753.47,0.17,319.64,29.0,1.0,7.0,1.0,11.0,18.0,64.0,38.0,7.0,no
46.0,7.0,1.0,4.0,133.0,682.19,0.05,19.5,34.98,13302.8,0.23,739.04,38.0,1.0,2.0,0.0,15.0,20.0,81.0,52.0,13.0,yes
12.0,2.0,1.0,2.0,20.0,76.15,0.12,8.1,9.4,616.79,0.03,34.27,7.0,0.0,3.0,0.0,9.0,5.0,11.0,9.0,3.0,no
2.0,1.0,1.0,1.0,4.0,8.0,0.67,1.5,5.33,12.0,0.0,0.67,0.0,0.0,0.0,0.0,3.0,1.0,3.0,1.0,1.0,no
122.0,6.0,5.0,5.0,353.0,2093.55,0.03,37.8,55.38,79136.2,0.7,4396.46,91.0,4.0,22.0,0.0,21.0,40.0,209.0,144.0,11.0,yes
8.0,1.0,1.0,1.0,10.0,30.0,0.3,3.33,9.0,100.0,0.01,5.56,4.0,0.0,1.0,0.0,5.0,3.0,6.0,4.0,1.0,no
6.0,1.0,1.0,1.0,16.0,57.36,0.35,2.86,20.08,163.88,0.02,9.1,5.0,0.0,0.0,0.0,5.0,7.0,8.0,8.0,1.0,no
4.0,1.0,1.0,1.0,4.0,8.0,0.67,1.5,5.33,12.0,0.0,0.67,2.0,0.0,0.0,0.0,3.0,1.0,3.0,1.0,1.0,no
15.0,6.0,1.0,5.0,44.0,179.85,0.23,4.36,41.22,784.79,0.06,43.6,13.0,0.0,0.0,0.0,6.0,11.0,28.0,16.0,11.0,no
20.0,2.0,1.0,2.0,32.0,130.8,0.16,6.19,21.14,809.32,0.04,44.96,16.0,0.0,1.0,0.0,9.0,8.0,21.0,11.0,3.0,no
76.0,9.0,5.0,6.0,185.0,1064.65,0.05,20.36,52.3,21673.32,0.35,1204.07,56.0,3.0,10.0,4.0,19.0,35.0,110.0,75.0,17.0,yes
4.0,1.0,1.0,1.0,4.0,8.0,0.67,1.5,5.33,12.0,0.0,0.67,2.0,0.0,0.0,0.0,3.0,1.0,3.0,1.0,1.0,no
