DS_Name,T,N,p,k,Bin,Cost,SDratio,correl,cancor1,cancor2,fract1,fract2,skewness,kurtosis,Hc,Hx,MCx,EnAtr,NSRatio,Alg_Name,target
Aust_Credit,690.0,690.0,14.0,2.0,4.0,0.0,1.2623,0.1024,0.7713,,1.0,,1.9701,12.5538,0.9912,2.3012,0.113,8.77168,19.3646,LogDisc,0.779
Letters,5000.0,20000.0,16.0,26.0,0.0,0.0,1.8795,0.2577,0.8896,0.8489,0.168,0.321,0.5698,3.5385,4.6996,3.094,0.5189,9.05685,4.96261,Kohonen,54.314
Belgian,1250.0,2500.0,28.0,2.0,0.0,0.0,1.5124,0.3503,0.8869,,1.0,,0.4334,2.6581,0.9453,5.4853,0.3172,2.98014,16.2929,Cascade,455.064
Digits,9000.0,18000.0,16.0,10.0,0.0,0.0,1.5673,0.2119,0.8929,0.8902,0.2031,0.4049,0.8562,5.1256,3.3219,6.5452,0.5049,6.57932,11.9634,Dipol92,11.206
TseTse,1499.0,4999.0,14.0,2.0,0.0,0.0,1.1316,0.3676,0.7792,,1.0,,0.6483,4.3322,0.9998,3.8755,0.285,3.50807,12.5982,QuaDisc,12.886
Letters,5000.0,20000.0,16.0,26.0,0.0,0.0,1.8795,0.2577,0.8896,0.8489,0.168,0.321,0.5698,3.5385,4.6996,3.094,0.5189,9.05685,4.96261,KNN,1.733
Shuttle,14500.0,58000.0,9.0,7.0,0.0,0.0,1.6067,0.3558,0.9668,0.6968,0.6252,0.9499,4.4371,160.311,0.9653,3.4271,0.3348,2.88321,9.23626,LVQ,51.781
Heart,270.0,270.0,13.0,2.0,5.0,1.0,1.0612,0.1236,0.7384,,1.0,,0.956,3.6494,0.9902,1.6386,0.0876,11.3037,17.7055,Bayes,0.0
BT,16000.0,20000.0,7.0,2.0,0.0,0.0,1.0975,0.1146,0.6109,,1.0,,6.1012,93.1399,0.2893,2.7416,0.0495,5.84444,54.3859,Alloc80,9.939
Shuttle,14500.0,58000.0,9.0,7.0,0.0,0.0,1.6067,0.3558,0.9668,0.6968,0.6252,0.9499,4.4371,160.311,0.9653,3.4271,0.3348,2.88321,9.23626,Cn2,2.408
BT,16000.0,20000.0,7.0,2.0,0.0,0.0,1.0975,0.1146,0.6109,,1.0,,6.1012,93.1399,0.2893,2.7416,0.0495,5.84444,54.3859,LVQ,18.07
KlDigits,9000.0,18000.0,40.0,10.0,0.0,0.0,1.9657,0.1093,0.9207,0.9056,0.172,0.3385,0.1802,2.92,3.3219,5.5903,0.2029,16.3721,26.552,Dipol92,12.875
Faults,570.0,570.0,45.0,3.0,43.0,0.0,1.191,0.751,0.8842,0.3002,0.8966,1.0,1.8972,0.9866,1.5749,0.8717,0.0366,43.0301,22.8169,Castle,9.068
Faults,570.0,570.0,45.0,3.0,43.0,0.0,1.191,0.751,0.8842,0.3002,0.8966,1.0,1.8972,0.9866,1.5749,0.8717,0.0366,43.0301,22.8169,LVQ,17.003
Vehicle,846.0,846.0,18.0,4.0,0.0,0.0,1.5392,0.4828,0.842,0.8189,0.4696,0.9139,0.8282,5.18,1.9979,4.2472,0.3538,5.64698,11.0045,Cascade,10.589
Credit,2670.0,8900.0,16.0,2.0,8.0,0.0,1.0273,0.0825,0.7618,,1.0,,1.2082,4.4046,1.0,1.77,0.641,1.56006,1.76131,CART,9.523
Letters,5000.0,20000.0,16.0,26.0,0.0,0.0,1.8795,0.2577,0.8896,0.8489,0.168,0.321,0.5698,3.5385,4.6996,3.094,0.5189,9.05685,4.96261,Default,258.86
BT,16000.0,20000.0,7.0,2.0,0.0,0.0,1.0975,0.1146,0.6109,,1.0,,6.1012,93.1399,0.2893,2.7416,0.0495,5.84444,54.3859,Cal5,2.711
Chromosone,20000.0,40000.0,16.0,24.0,0.0,0.0,1.3218,0.1885,0.9884,0.9191,0.1505,0.2807,0.42,4.4024,4.5603,5.6411,1.3149,3.46817,3.29014,Kohonen,45.885
Technical,2580.0,7078.0,56.0,91.0,0.0,0.0,2.2442,,0.9165,0.6818,0.5575,0.866,6.7156,108.296,4.8787,0.3672,0.1815,26.8799,1.02314,Kohonen,47.389
Faults,570.0,570.0,45.0,3.0,43.0,0.0,1.191,0.751,0.8842,0.3002,0.8966,1.0,1.8972,0.9866,1.5749,0.8717,0.0366,43.0301,22.8169,IndCART,10.139
NewBelgian,1000.0,3000.0,57.0,2.0,0.0,0.0,1.0638,0.1216,0.5286,,1.0,,1.118,6.7738,0.3879,3.83,0.0421,9.21378,89.9739,QuaDisc,6.142
Belgian,1250.0,2500.0,28.0,2.0,0.0,0.0,1.5124,0.3503,0.8869,,1.0,,0.4334,2.6581,0.9453,5.4853,0.3172,2.98014,16.2929,Castle,18.77
Faults,570.0,570.0,45.0,3.0,43.0,0.0,1.191,0.751,0.8842,0.3002,0.8966,1.0,1.8972,0.9866,1.5749,0.8717,0.0366,43.0301,22.8169,BackProp,3.401
BT,16000.0,20000.0,7.0,2.0,0.0,0.0,1.0975,0.1146,0.6109,,1.0,,6.1012,93.1399,0.2893,2.7416,0.0495,5.84444,54.3859,Ac2,9.035
Aust_Credit,690.0,690.0,14.0,2.0,4.0,0.0,1.2623,0.1024,0.7713,,1.0,,1.9701,12.5538,0.9912,2.3012,0.113,8.77168,19.3646,Kohonen,67.655
Shuttle,14500.0,58000.0,9.0,7.0,0.0,0.0,1.6067,0.3558,0.9668,0.6968,0.6252,0.9499,4.4371,160.311,0.9653,3.4271,0.3348,2.88321,9.23626,BayesTree,1.204
Belgian,1250.0,2500.0,28.0,2.0,0.0,0.0,1.5124,0.3503,0.8869,,1.0,,0.4334,2.6581,0.9453,5.4853,0.3172,2.98014,16.2929,LVQ,21.975
Vehicle,846.0,846.0,18.0,4.0,0.0,0.0,1.5392,0.4828,0.842,0.8189,0.4696,0.9139,0.8282,5.18,1.9979,4.2472,0.3538,5.64698,11.0045,Cal5,10.508
Faults,570.0,570.0,45.0,3.0,43.0,0.0,1.191,0.751,0.8842,0.3002,0.8966,1.0,1.8972,0.9866,1.5749,0.8717,0.0366,43.0301,22.8169,QuaDisc,7.494
Segment,2310.0,2310.0,11.0,7.0,0.0,0.0,4.0014,0.1425,0.976,0.9623,0.3098,0.611,2.958,24.4813,2.8072,3.0787,0.6672,4.20743,3.61436,BackProp,6.762
CUT,7480.0,18700.0,20.0,2.0,0.0,0.0,1.032,0.2178,0.55,,1.0,,0.9012,3.5214,0.3256,4.6908,0.0292,160.644,159.644,RBF,4.772
Diabetes,768.0,768.0,8.0,2.0,0.0,0.0,1.0377,0.1439,0.5507,,1.0,,1.0586,5.827,0.9331,4.5301,0.112,8.33125,39.4473,BayesTree,3.196
Heart,270.0,270.0,13.0,2.0,5.0,1.0,1.0612,0.1236,0.7384,,1.0,,0.956,3.6494,0.9902,1.6386,0.0876,11.3037,17.7055,Cascade,1.352
Aust_Credit,690.0,690.0,14.0,2.0,4.0,0.0,1.2623,0.1024,0.7713,,1.0,,1.9701,12.5538,0.9912,2.3012,0.113,8.77168,19.3646,Smart,2.102
Head,900.0,900.0,6.0,3.0,1.0,1.0,1.1231,0.1217,0.7176,0.1057,0.9787,1.0,1.0071,5.0408,1.3574,1.9786,0.1929,7.03681,9.25713,NewId,26.391
TseTse,1499.0,4999.0,14.0,2.0,0.0,0.0,1.1316,0.3676,0.7792,,1.0,,0.6483,4.3322,0.9998,3.8755,0.285,3.50807,12.5982,Smart,2.286
Faults,570.0,570.0,45.0,3.0,43.0,0.0,1.191,0.751,0.8842,0.3002,0.8966,1.0,1.8972,0.9866,1.5749,0.8717,0.0366,43.0301,22.8169,Discrim,1.889
Aust_Credit,690.0,690.0,14.0,2.0,4.0,0.0,1.2623,0.1024,0.7713,,1.0,,1.9701,12.5538,0.9912,2.3012,0.113,8.77168,19.3646,C4_5,1.868
Chromosone,20000.0,40000.0,16.0,24.0,0.0,0.0,1.3218,0.1885,0.9884,0.9191,0.1505,0.2807,0.42,4.4024,4.5603,5.6411,1.3149,3.46817,3.29014,NewId,46.905
BT,16000.0,20000.0,7.0,2.0,0.0,0.0,1.0975,0.1146,0.6109,,1.0,,6.1012,93.1399,0.2893,2.7416,0.0495,5.84444,54.3859,QuaDisc,27.105
Digits,9000.0,18000.0,16.0,10.0,0.0,0.0,1.5673,0.2119,0.8929,0.8902,0.2031,0.4049,0.8562,5.1256,3.3219,6.5452,0.5049,6.57932,11.9634,Default,382.362
TseTse,1499.0,4999.0,14.0,2.0,0.0,0.0,1.1316,0.3676,0.7792,,1.0,,0.6483,4.3322,0.9998,3.8755,0.285,3.50807,12.5982,Castle,20.991
Aust_Credit,690.0,690.0,14.0,2.0,4.0,0.0,1.2623,0.1024,0.7713,,1.0,,1.9701,12.5538,0.9912,2.3012,0.113,8.77168,19.3646,KNN,3.893
TseTse,1499.0,4999.0,14.0,2.0,0.0,0.0,1.1316,0.3676,0.7792,,1.0,,0.6483,4.3322,0.9998,3.8755,0.285,3.50807,12.5982,IndCART,0.623
NewBelgian,1000.0,3000.0,57.0,2.0,0.0,0.0,1.0638,0.1216,0.5286,,1.0,,1.118,6.7738,0.3879,3.83,0.0421,9.21378,89.9739,NewId,1.117
Aust_Credit,690.0,690.0,14.0,2.0,4.0,0.0,1.2623,0.1024,0.7713,,1.0,,1.9701,12.5538,0.9912,2.3012,0.113,8.77168,19.3646,Bayes,1.557
German_Credit,1000.0,1000.0,24.0,2.0,9.0,1.0,1.0369,0.0848,0.5044,,1.0,,1.6986,7.7943,0.8813,1.5031,0.0187,47.1283,79.3797,Cal5,2.08
Digits,9000.0,18000.0,16.0,10.0,0.0,0.0,1.5673,0.2119,0.8929,0.8902,0.2031,0.4049,0.8562,5.1256,3.3219,6.5452,0.5049,6.57932,11.9634,KNN,0.0
Belgian,1250.0,2500.0,28.0,2.0,0.0,0.0,1.5124,0.3503,0.8869,,1.0,,0.4334,2.6581,0.9453,5.4853,0.3172,2.98014,16.2929,Dipol92,5.494
Chromosone,20000.0,40000.0,16.0,24.0,0.0,0.0,1.3218,0.1885,0.9884,0.9191,0.1505,0.2807,0.42,4.4024,4.5603,5.6411,1.3149,3.46817,3.29014,ITrule,312.527
Technical,2580.0,7078.0,56.0,91.0,0.0,0.0,2.2442,,0.9165,0.6818,0.5575,0.866,6.7156,108.296,4.8787,0.3672,0.1815,26.8799,1.02314,CART,161.514
Head,900.0,900.0,6.0,3.0,1.0,1.0,1.1231,0.1217,0.7176,0.1057,0.9787,1.0,1.0071,5.0408,1.3574,1.9786,0.1929,7.03681,9.25713,ITrule,14.534
BT,16000.0,20000.0,7.0,2.0,0.0,0.0,1.0975,0.1146,0.6109,,1.0,,6.1012,93.1399,0.2893,2.7416,0.0495,5.84444,54.3859,C4_5,1.807
Digits,9000.0,18000.0,16.0,10.0,0.0,0.0,1.5673,0.2119,0.8929,0.8902,0.2031,0.4049,0.8562,5.1256,3.3219,6.5452,0.5049,6.57932,11.9634,Kohonen,12.551
SatImage,2000.0,6435.0,36.0,6.0,0.0,0.0,1.297,0.5977,0.9366,0.9332,0.3586,0.7146,0.7316,4.1737,2.4734,5.5759,0.9443,2.61929,4.9048,BackProp,6.896
BT,16000.0,20000.0,7.0,2.0,0.0,0.0,1.0975,0.1146,0.6109,,1.0,,6.1012,93.1399,0.2893,2.7416,0.0495,5.84444,54.3859,BackProp,2.711
Aust_Credit,690.0,690.0,14.0,2.0,4.0,0.0,1.2623,0.1024,0.7713,,1.0,,1.9701,12.5538,0.9912,2.3012,0.113,8.77168,19.3646,Cal5,0.0
Diabetes,768.0,768.0,8.0,2.0,0.0,0.0,1.0377,0.1439,0.5507,,1.0,,1.0586,5.827,0.9331,4.5301,0.112,8.33125,39.4473,Discrim,0.133
TseTse,1499.0,4999.0,14.0,2.0,0.0,0.0,1.1316,0.3676,0.7792,,1.0,,0.6483,4.3322,0.9998,3.8755,0.285,3.50807,12.5982,Bayes,17.458
Chromosone,20000.0,40000.0,16.0,24.0,0.0,0.0,1.3218,0.1885,0.9884,0.9191,0.1505,0.2807,0.42,4.4024,4.5603,5.6411,1.3149,3.46817,3.29014,Dipol92,3.569
BT,16000.0,20000.0,7.0,2.0,0.0,0.0,1.0975,0.1146,0.6109,,1.0,,6.1012,93.1399,0.2893,2.7416,0.0495,5.84444,54.3859,Discrim,11.746
DNA,1186.0,3186.0,180.0,3.0,0.0,0.0,1.5407,0.0456,0.8729,0.83,0.5252,1.0,2.5582,29.5674,1.4725,0.8072,0.0218,67.5459,36.0275,Discrim,3.126
TseTse,1499.0,4999.0,14.0,2.0,0.0,0.0,1.1316,0.3676,0.7792,,1.0,,0.6483,4.3322,0.9998,3.8755,0.285,3.50807,12.5982,LogDisc,16.834
Chromosone,20000.0,40000.0,16.0,24.0,0.0,0.0,1.3218,0.1885,0.9884,0.9191,0.1505,0.2807,0.42,4.4024,4.5603,5.6411,1.3149,3.46817,3.29014,RBF,22.942
Chromosone,20000.0,40000.0,16.0,24.0,0.0,0.0,1.3218,0.1885,0.9884,0.9191,0.1505,0.2807,0.42,4.4024,4.5603,5.6411,1.3149,3.46817,3.29014,LVQ,18.864
Head,900.0,900.0,6.0,3.0,1.0,1.0,1.1231,0.1217,0.7176,0.1057,0.9787,1.0,1.0071,5.0408,1.3574,1.9786,0.1929,7.03681,9.25713,Default,19.334
Diabetes,768.0,768.0,8.0,2.0,0.0,0.0,1.0377,0.1439,0.5507,,1.0,,1.0586,5.827,0.9331,4.5301,0.112,8.33125,39.4473,Cal5,1.798
Digits,9000.0,18000.0,16.0,10.0,0.0,0.0,1.5673,0.2119,0.8929,0.8902,0.2031,0.4049,0.8562,5.1256,3.3219,6.5452,0.5049,6.57932,11.9634,LogDisc,17.482
NewBelgian,1000.0,3000.0,57.0,2.0,0.0,0.0,1.0638,0.1216,0.5286,,1.0,,1.118,6.7738,0.3879,3.83,0.0421,9.21378,89.9739,Cn2,3.35
DNA,1186.0,3186.0,180.0,3.0,0.0,0.0,1.5407,0.0456,0.8729,0.83,0.5252,1.0,2.5582,29.5674,1.4725,0.8072,0.0218,67.5459,36.0275,Ac2,10.247
Digits,9000.0,18000.0,16.0,10.0,0.0,0.0,1.5673,0.2119,0.8929,0.8902,0.2031,0.4049,0.8562,5.1256,3.3219,6.5452,0.5049,6.57932,11.9634,BackProp,14.792
SatImage,2000.0,6435.0,36.0,6.0,0.0,0.0,1.297,0.5977,0.9366,0.9332,0.3586,0.7146,0.7316,4.1737,2.4734,5.5759,0.9443,2.61929,4.9048,Castle,15.325
SatImage,2000.0,6435.0,36.0,6.0,0.0,0.0,1.297,0.5977,0.9366,0.9332,0.3586,0.7146,0.7316,4.1737,2.4734,5.5759,0.9443,2.61929,4.9048,QuaDisc,9.348
Faults,570.0,570.0,45.0,3.0,43.0,0.0,1.191,0.751,0.8842,0.3002,0.8966,1.0,1.8972,0.9866,1.5749,0.8717,0.0366,43.0301,22.8169,CART,9.068
TseTse,1499.0,4999.0,14.0,2.0,0.0,0.0,1.1316,0.3676,0.7792,,1.0,,0.6483,4.3322,0.9998,3.8755,0.285,3.50807,12.5982,Ac2,2.286
Technical,2580.0,7078.0,56.0,91.0,0.0,0.0,2.2442,,0.9165,0.6818,0.5575,0.866,6.7156,108.296,4.8787,0.3672,0.1815,26.8799,1.02314,Ac2,2.13
Vehicle,846.0,846.0,18.0,4.0,0.0,0.0,1.5392,0.4828,0.842,0.8189,0.4696,0.9139,0.8282,5.18,1.9979,4.2472,0.3538,5.64698,11.0045,C4_5,9.449
Credit,2670.0,8900.0,16.0,2.0,8.0,0.0,1.0273,0.0825,0.7618,,1.0,,1.2082,4.4046,1.0,1.77,0.641,1.56006,1.76131,QuaDisc,11.428
Shuttle,14500.0,58000.0,9.0,7.0,0.0,0.0,1.6067,0.3558,0.9668,0.6968,0.6252,0.9499,4.4371,160.311,0.9653,3.4271,0.3348,2.88321,9.23626,ITrule,48.169
Belgian,1250.0,2500.0,28.0,2.0,0.0,0.0,1.5124,0.3503,0.8869,,1.0,,0.4334,2.6581,0.9453,5.4853,0.3172,2.98014,16.2929,LogDisc,0.458
Head,900.0,900.0,6.0,3.0,1.0,1.0,1.1231,0.1217,0.7176,0.1057,0.9787,1.0,1.0071,5.0408,1.3574,1.9786,0.1929,7.03681,9.25713,KNN,12.825
Diabetes,768.0,768.0,8.0,2.0,0.0,0.0,1.0377,0.1439,0.5507,,1.0,,1.0586,5.827,0.9331,4.5301,0.112,8.33125,39.4473,Ac2,3.529
Diabetes,768.0,768.0,8.0,2.0,0.0,0.0,1.0377,0.1439,0.5507,,1.0,,1.0586,5.827,0.9331,4.5301,0.112,8.33125,39.4473,NewId,4.394
German_Credit,1000.0,1000.0,24.0,2.0,9.0,1.0,1.0369,0.0848,0.5044,,1.0,,1.6986,7.7943,0.8813,1.5031,0.0187,47.1283,79.3797,C4_5,13.761
SatImage,2000.0,6435.0,36.0,6.0,0.0,0.0,1.297,0.5977,0.9366,0.9332,0.3586,0.7146,0.7316,4.1737,2.4734,5.5759,0.9443,2.61929,4.9048,KNN,0.0
Technical,2580.0,7078.0,56.0,91.0,0.0,0.0,2.2442,,0.9165,0.6818,0.5575,0.866,6.7156,108.296,4.8787,0.3672,0.1815,26.8799,1.02314,Default,120.692
Digits,9000.0,18000.0,16.0,10.0,0.0,0.0,1.5673,0.2119,0.8929,0.8902,0.2031,0.4049,0.8562,5.1256,3.3219,6.5452,0.5049,6.57932,11.9634,Alloc80,9.413
CUT,7480.0,18700.0,20.0,2.0,0.0,0.0,1.032,0.2178,0.55,,1.0,,0.9012,3.5214,0.3256,4.6908,0.0292,160.644,159.644,Castle,12.885
Chromosone,20000.0,40000.0,16.0,24.0,0.0,0.0,1.3218,0.1885,0.9884,0.9191,0.1505,0.2807,0.42,4.4024,4.5603,5.6411,1.3149,3.46817,3.29014,Discrim,11.726
Head,900.0,900.0,6.0,3.0,1.0,1.0,1.1231,0.1217,0.7176,0.1057,0.9787,1.0,1.0071,5.0408,1.3574,1.9786,0.1929,7.03681,9.25713,BayesTree,3.499
DNA,1186.0,3186.0,180.0,3.0,0.0,0.0,1.5407,0.0456,0.8729,0.83,0.5252,1.0,2.5582,29.5674,1.4725,0.8072,0.0218,67.5459,36.0275,Alloc80,2.779
CUT,7480.0,18700.0,20.0,2.0,0.0,0.0,1.032,0.2178,0.55,,1.0,,0.9012,3.5214,0.3256,4.6908,0.0292,160.644,159.644,NewId,2.386
DNA,1186.0,3186.0,180.0,3.0,0.0,0.0,1.5407,0.0456,0.8729,0.83,0.5252,1.0,2.5582,29.5674,1.4725,0.8072,0.0218,67.5459,36.0275,Cascade,166.556
German_Credit,1000.0,1000.0,24.0,2.0,9.0,1.0,1.0369,0.0848,0.5044,,1.0,,1.6986,7.7943,0.8813,1.5031,0.0187,47.1283,79.3797,Cascade,3041.74
Shuttle,14500.0,58000.0,9.0,7.0,0.0,0.0,1.6067,0.3558,0.9668,0.6968,0.6252,0.9499,4.4371,160.311,0.9653,3.4271,0.3348,2.88321,9.23626,LogDisc,460.012
SatImage,2000.0,6435.0,36.0,6.0,0.0,0.0,1.297,0.5977,0.9366,0.9332,0.3586,0.7146,0.7316,4.1737,2.4734,5.5759,0.9443,2.61929,4.9048,Discrim,11.8
Segment,2310.0,2310.0,11.0,7.0,0.0,0.0,4.0014,0.1425,0.976,0.9623,0.3098,0.611,2.958,24.4813,2.8072,3.0787,0.6672,4.20743,3.61436,Cascade,273.295
CUT,7480.0,18700.0,20.0,2.0,0.0,0.0,1.032,0.2178,0.55,,1.0,,0.9012,3.5214,0.3256,4.6908,0.0292,160.644,159.644,Default,12.408
Chromosone,20000.0,40000.0,16.0,24.0,0.0,0.0,1.3218,0.1885,0.9884,0.9191,0.1505,0.2807,0.42,4.4024,4.5603,5.6411,1.3149,3.46817,3.29014,Cal5,81.573
DNA,1186.0,3186.0,180.0,3.0,0.0,0.0,1.5407,0.0456,0.8729,0.83,0.5252,1.0,2.5582,29.5674,1.4725,0.8072,0.0218,67.5459,36.0275,QuaDisc,3.126
DNA,1186.0,3186.0,180.0,3.0,0.0,0.0,1.5407,0.0456,0.8729,0.83,0.5252,1.0,2.5582,29.5674,1.4725,0.8072,0.0218,67.5459,36.0275,LogDisc,3.474
Digits,9000.0,18000.0,16.0,10.0,0.0,0.0,1.5673,0.2119,0.8929,0.8902,0.2031,0.4049,0.8562,5.1256,3.3219,6.5452,0.5049,6.57932,11.9634,Cal5,77.548
Heart,270.0,270.0,13.0,2.0,5.0,1.0,1.0612,0.1236,0.7384,,1.0,,0.956,3.6494,0.9902,1.6386,0.0876,11.3037,17.7055,ITrule,2.049
CUT,7480.0,18700.0,20.0,2.0,0.0,0.0,1.032,0.2178,0.55,,1.0,,0.9012,3.5214,0.3256,4.6908,0.0292,160.644,159.644,BackProp,4.295
TseTse,1499.0,4999.0,14.0,2.0,0.0,0.0,1.1316,0.3676,0.7792,,1.0,,0.6483,4.3322,0.9998,3.8755,0.285,3.50807,12.5982,ITrule,39.904
Letters,5000.0,20000.0,16.0,26.0,0.0,0.0,1.8795,0.2577,0.8896,0.8489,0.168,0.321,0.5698,3.5385,4.6996,3.094,0.5189,9.05685,4.96261,Dipol92,32.358
TseTse,1499.0,4999.0,14.0,2.0,0.0,0.0,1.1316,0.3676,0.7792,,1.0,,0.6483,4.3322,0.9998,3.8755,0.285,3.50807,12.5982,RBF,3.325
Chromosone,20000.0,40000.0,16.0,24.0,0.0,0.0,1.3218,0.1885,0.9884,0.9191,0.1505,0.2807,0.42,4.4024,4.5603,5.6411,1.3149,3.46817,3.29014,Smart,22.433
Heart,270.0,270.0,13.0,2.0,5.0,1.0,1.0612,0.1236,0.7384,,1.0,,0.956,3.6494,0.9902,1.6386,0.0876,11.3037,17.7055,Cn2,5.712
KlDigits,9000.0,18000.0,40.0,10.0,0.0,0.0,1.9657,0.1093,0.9207,0.9056,0.172,0.3385,0.1802,2.92,3.3219,5.5903,0.2029,16.3721,26.552,Default,596.315
Shuttle,14500.0,58000.0,9.0,7.0,0.0,0.0,1.6067,0.3558,0.9668,0.6968,0.6252,0.9499,4.4371,160.311,0.9653,3.4271,0.3348,2.88321,9.23626,Ac2,37.331
NewBelgian,1000.0,3000.0,57.0,2.0,0.0,0.0,1.0638,0.1216,0.5286,,1.0,,1.118,6.7738,0.3879,3.83,0.0421,9.21378,89.9739,Kohonen,19.821
Segment,2310.0,2310.0,11.0,7.0,0.0,0.0,4.0014,0.1425,0.976,0.9623,0.3098,0.611,2.958,24.4813,2.8072,3.0787,0.6672,4.20743,3.61436,LVQ,4.508
SatImage,2000.0,6435.0,36.0,6.0,0.0,0.0,1.297,0.5977,0.9366,0.9332,0.3586,0.7146,0.7316,4.1737,2.4734,5.5759,0.9443,2.61929,4.9048,BayesTree,8.122
Head,900.0,900.0,6.0,3.0,1.0,1.0,1.1231,0.1217,0.7176,0.1057,0.9787,1.0,1.0071,5.0408,1.3574,1.9786,0.1929,7.03681,9.25713,Cal5,11.317
Vehicle,846.0,846.0,18.0,4.0,0.0,0.0,1.5392,0.4828,0.842,0.8189,0.4696,0.9139,0.8282,5.18,1.9979,4.2472,0.3538,5.64698,11.0045,KNN,10.182
TseTse,1499.0,4999.0,14.0,2.0,0.0,0.0,1.1316,0.3676,0.7792,,1.0,,0.6483,4.3322,0.9998,3.8755,0.285,3.50807,12.5982,NewId,0.831
Segment,2310.0,2310.0,11.0,7.0,0.0,0.0,4.0014,0.1425,0.976,0.9623,0.3098,0.611,2.958,24.4813,2.8072,3.0787,0.6672,4.20743,3.61436,Ac2,0.282
SatImage,2000.0,6435.0,36.0,6.0,0.0,0.0,1.297,0.5977,0.9366,0.9332,0.3586,0.7146,0.7316,4.1737,2.4734,5.5759,0.9443,2.61929,4.9048,IndCART,6.743
German_Credit,1000.0,1000.0,24.0,2.0,9.0,1.0,1.0369,0.0848,0.5044,,1.0,,1.6986,7.7943,0.8813,1.5031,0.0187,47.1283,79.3797,Cn2,9.817
Heart,270.0,270.0,13.0,2.0,5.0,1.0,1.0612,0.1236,0.7384,,1.0,,0.956,3.6494,0.9902,1.6386,0.0876,11.3037,17.7055,BackProp,2.907
BT,16000.0,20000.0,7.0,2.0,0.0,0.0,1.0975,0.1146,0.6109,,1.0,,6.1012,93.1399,0.2893,2.7416,0.0495,5.84444,54.3859,Dipol92,0.0
Digits,9000.0,18000.0,16.0,10.0,0.0,0.0,1.5673,0.2119,0.8929,0.8902,0.2031,0.4049,0.8562,5.1256,3.3219,6.5452,0.5049,6.57932,11.9634,BayesTree,41.688
Credit,2670.0,8900.0,16.0,2.0,8.0,0.0,1.0273,0.0825,0.7618,,1.0,,1.2082,4.4046,1.0,1.77,0.641,1.56006,1.76131,LogDisc,9.714
German_Credit,1000.0,1000.0,24.0,2.0,9.0,1.0,1.0369,0.0848,0.5044,,1.0,,1.6986,7.7943,0.8813,1.5031,0.0187,47.1283,79.3797,Discrim,0.0
Heart,270.0,270.0,13.0,2.0,5.0,1.0,1.0612,0.1236,0.7384,,1.0,,0.956,3.6494,0.9902,1.6386,0.0876,11.3037,17.7055,Discrim,0.276
Belgian,1250.0,2500.0,28.0,2.0,0.0,0.0,1.5124,0.3503,0.8869,,1.0,,0.4334,2.6581,0.9453,5.4853,0.3172,2.98014,16.2929,Default,162.981
Chromosone,20000.0,40000.0,16.0,24.0,0.0,0.0,1.3218,0.1885,0.9884,0.9191,0.1505,0.2807,0.42,4.4024,4.5603,5.6411,1.3149,3.46817,3.29014,IndCART,45.375
Letters,5000.0,20000.0,16.0,26.0,0.0,0.0,1.8795,0.2577,0.8896,0.8489,0.168,0.321,0.5698,3.5385,4.6996,3.094,0.5189,9.05685,4.96261,BayesTree,17.334
Head,900.0,900.0,6.0,3.0,1.0,1.0,1.1231,0.1217,0.7176,0.1057,0.9787,1.0,1.0071,5.0408,1.3574,1.9786,0.1929,7.03681,9.25713,Cascade,1.139
German_Credit,1000.0,1000.0,24.0,2.0,9.0,1.0,1.0369,0.0848,0.5044,,1.0,,1.6986,7.7943,0.8813,1.5031,0.0187,47.1283,79.3797,RBF,13.333
SatImage,2000.0,6435.0,36.0,6.0,0.0,0.0,1.297,0.5977,0.9366,0.9332,0.3586,0.7146,0.7316,4.1737,2.4734,5.5759,0.9443,2.61929,4.9048,Ac2,9.654
DNA,1186.0,3186.0,180.0,3.0,0.0,0.0,1.5407,0.0456,0.8729,0.83,0.5252,1.0,2.5582,29.5674,1.4725,0.8072,0.0218,67.5459,36.0275,CART,7.642
SatImage,2000.0,6435.0,36.0,6.0,0.0,0.0,1.297,0.5977,0.9366,0.9332,0.3586,0.7146,0.7316,4.1737,2.4734,5.5759,0.9443,2.61929,4.9048,RBF,4.138
BT,16000.0,20000.0,7.0,2.0,0.0,0.0,1.0975,0.1146,0.6109,,1.0,,6.1012,93.1399,0.2893,2.7416,0.0495,5.84444,54.3859,ITrule,23.491
KlDigits,9000.0,18000.0,40.0,10.0,0.0,0.0,1.9657,0.1093,0.9207,0.9056,0.172,0.3385,0.1802,2.92,3.3219,5.5903,0.2029,16.3721,26.552,RBF,23.717
Digits,9000.0,18000.0,16.0,10.0,0.0,0.0,1.5673,0.2119,0.8929,0.8902,0.2031,0.4049,0.8562,5.1256,3.3219,6.5452,0.5049,6.57932,11.9634,CART,50.653
Technical,2580.0,7078.0,56.0,91.0,0.0,0.0,2.2442,,0.9165,0.6818,0.5575,0.866,6.7156,108.296,4.8787,0.3672,0.1815,26.8799,1.02314,KNN,20.234
DNA,1186.0,3186.0,180.0,3.0,0.0,0.0,1.5407,0.0456,0.8729,0.83,0.5252,1.0,2.5582,29.5674,1.4725,0.8072,0.0218,67.5459,36.0275,BackProp,8.163
Segment,2310.0,2310.0,11.0,7.0,0.0,0.0,4.0014,0.1425,0.976,0.9623,0.3098,0.611,2.958,24.4813,2.8072,3.0787,0.6672,4.20743,3.61436,Cn2,3.663
DNA,1186.0,3186.0,180.0,3.0,0.0,0.0,1.5407,0.0456,0.8729,0.83,0.5252,1.0,2.5582,29.5674,1.4725,0.8072,0.0218,67.5459,36.0275,Bayes,4.689
Shuttle,14500.0,58000.0,9.0,7.0,0.0,0.0,1.6067,0.3558,0.9668,0.6968,0.6252,0.9499,4.4371,160.311,0.9653,3.4271,0.3348,2.88321,9.23626,BackProp,50.577
Shuttle,14500.0,58000.0,9.0,7.0,0.0,0.0,1.6067,0.3558,0.9668,0.6968,0.6252,0.9499,4.4371,160.311,0.9653,3.4271,0.3348,2.88321,9.23626,Alloc80,98.746
Credit,2670.0,8900.0,16.0,2.0,8.0,0.0,1.0273,0.0825,0.7618,,1.0,,1.2082,4.4046,1.0,1.77,0.641,1.56006,1.76131,Bayes,14.475
SatImage,2000.0,6435.0,36.0,6.0,0.0,0.0,1.297,0.5977,0.9366,0.9332,0.3586,0.7146,0.7316,4.1737,2.4734,5.5759,0.9443,2.61929,4.9048,Cascade,10.574
Chromosone,20000.0,40000.0,16.0,24.0,0.0,0.0,1.3218,0.1885,0.9884,0.9191,0.1505,0.2807,0.42,4.4024,4.5603,5.6411,1.3149,3.46817,3.29014,Ac2,76.475
Credit,2670.0,8900.0,16.0,2.0,8.0,0.0,1.0273,0.0825,0.7618,,1.0,,1.2082,4.4046,1.0,1.77,0.641,1.56006,1.76131,Smart,5.524
Faults,570.0,570.0,45.0,3.0,43.0,0.0,1.191,0.751,0.8842,0.3002,0.8966,1.0,1.8972,0.9866,1.5749,0.8717,0.0366,43.0301,22.8169,Smart,10.391
Heart,270.0,270.0,13.0,2.0,5.0,1.0,1.0612,0.1236,0.7384,,1.0,,0.956,3.6494,0.9902,1.6386,0.0876,11.3037,17.7055,Alloc80,0.48
Chromosone,20000.0,40000.0,16.0,24.0,0.0,0.0,1.3218,0.1885,0.9884,0.9191,0.1505,0.2807,0.42,4.4024,4.5603,5.6411,1.3149,3.46817,3.29014,Alloc80,86.162
Segment,2310.0,2310.0,11.0,7.0,0.0,0.0,4.0014,0.1425,0.976,0.9623,0.3098,0.611,2.958,24.4813,2.8072,3.0787,0.6672,4.20743,3.61436,Discrim,24.23
NewBelgian,1000.0,3000.0,57.0,2.0,0.0,0.0,1.0638,0.1216,0.5286,,1.0,,1.118,6.7738,0.3879,3.83,0.0421,9.21378,89.9739,Discrim,7.817
Credit,2670.0,8900.0,16.0,2.0,8.0,0.0,1.0273,0.0825,0.7618,,1.0,,1.2082,4.4046,1.0,1.77,0.641,1.56006,1.76131,BackProp,9.714
Diabetes,768.0,768.0,8.0,2.0,0.0,0.0,1.0377,0.1439,0.5507,,1.0,,1.0586,5.827,0.9331,4.5301,0.112,8.33125,39.4473,IndCART,3.196
Digits,9000.0,18000.0,16.0,10.0,0.0,0.0,1.5673,0.2119,0.8929,0.8902,0.2031,0.4049,0.8562,5.1256,3.3219,6.5452,0.5049,6.57932,11.9634,Cn2,38.998
German_Credit,1000.0,1000.0,24.0,2.0,9.0,1.0,1.0369,0.0848,0.5044,,1.0,,1.6986,7.7943,0.8813,1.5031,0.0187,47.1283,79.3797,CART,2.385
KlDigits,9000.0,18000.0,40.0,10.0,0.0,0.0,1.9657,0.1093,0.9207,0.9056,0.172,0.3385,0.1802,2.92,3.3219,5.5903,0.2029,16.3721,26.552,Discrim,37.27
Technical,2580.0,7078.0,56.0,91.0,0.0,0.0,2.2442,,0.9165,0.6818,0.5575,0.866,6.7156,108.296,4.8787,0.3672,0.1815,26.8799,1.02314,Discrim,53.424
NewBelgian,1000.0,3000.0,57.0,2.0,0.0,0.0,1.0638,0.1216,0.5286,,1.0,,1.118,6.7738,0.3879,3.83,0.0421,9.21378,89.9739,ITrule,18.984
KlDigits,9000.0,18000.0,40.0,10.0,0.0,0.0,1.9657,0.1093,0.9207,0.9056,0.172,0.3385,0.1802,2.92,3.3219,5.5903,0.2029,16.3721,26.552,CART,664.078
Segment,2310.0,2310.0,11.0,7.0,0.0,0.0,4.0014,0.1425,0.976,0.9623,0.3098,0.611,2.958,24.4813,2.8072,3.0787,0.6672,4.20743,3.61436,ITrule,119.743
Segment,2310.0,2310.0,11.0,7.0,0.0,0.0,4.0014,0.1425,0.976,0.9623,0.3098,0.611,2.958,24.4813,2.8072,3.0787,0.6672,4.20743,3.61436,BayesTree,0.845
Credit,2670.0,8900.0,16.0,2.0,8.0,0.0,1.0273,0.0825,0.7618,,1.0,,1.2082,4.4046,1.0,1.77,0.641,1.56006,1.76131,C4_5,0.0
KlDigits,9000.0,18000.0,40.0,10.0,0.0,0.0,1.9657,0.1093,0.9207,0.9056,0.172,0.3385,0.1802,2.92,3.3219,5.5903,0.2029,16.3721,26.552,Castle,77.928
Faults,570.0,570.0,45.0,3.0,43.0,0.0,1.191,0.751,0.8842,0.3002,0.8966,1.0,1.8972,0.9866,1.5749,0.8717,0.0366,43.0301,22.8169,Cal5,7.746
TseTse,1499.0,4999.0,14.0,2.0,0.0,0.0,1.1316,0.3676,0.7792,,1.0,,0.6483,4.3322,0.9998,3.8755,0.285,3.50807,12.5982,BayesTree,0.208
Faults,570.0,570.0,45.0,3.0,43.0,0.0,1.191,0.751,0.8842,0.3002,0.8966,1.0,1.8972,0.9866,1.5749,0.8717,0.0366,43.0301,22.8169,Bayes,6.298
Credit,2670.0,8900.0,16.0,2.0,8.0,0.0,1.0273,0.0825,0.7618,,1.0,,1.2082,4.4046,1.0,1.77,0.641,1.56006,1.76131,Castle,7.428
Shuttle,14500.0,58000.0,9.0,7.0,0.0,0.0,1.6067,0.3558,0.9668,0.6968,0.6252,0.9499,4.4371,160.311,0.9653,3.4271,0.3348,2.88321,9.23626,IndCART,9.634
Heart,270.0,270.0,13.0,2.0,5.0,1.0,1.0612,0.1236,0.7384,,1.0,,0.956,3.6494,0.9902,1.6386,0.0876,11.3037,17.7055,Kohonen,4.637
Letters,5000.0,20000.0,16.0,26.0,0.0,0.0,1.8795,0.2577,0.8896,0.8489,0.168,0.321,0.5698,3.5385,4.6996,3.094,0.5189,9.05685,4.96261,Discrim,68.76
SatImage,2000.0,6435.0,36.0,6.0,0.0,0.0,1.297,0.5977,0.9366,0.9332,0.3586,0.7146,0.7316,4.1737,2.4734,5.5759,0.9443,2.61929,4.9048,LVQ,1.686
Heart,270.0,270.0,13.0,2.0,5.0,1.0,1.0612,0.1236,0.7384,,1.0,,0.956,3.6494,0.9902,1.6386,0.0876,11.3037,17.7055,LogDisc,0.32
SatImage,2000.0,6435.0,36.0,6.0,0.0,0.0,1.297,0.5977,0.9366,0.9332,0.3586,0.7146,0.7316,4.1737,2.4734,5.5759,0.9443,2.61929,4.9048,ITrule,138.84
Heart,270.0,270.0,13.0,2.0,5.0,1.0,1.0612,0.1236,0.7384,,1.0,,0.956,3.6494,0.9902,1.6386,0.0876,11.3037,17.7055,Smart,1.512
Heart,270.0,270.0,13.0,2.0,5.0,1.0,1.0612,0.1236,0.7384,,1.0,,0.956,3.6494,0.9902,1.6386,0.0876,11.3037,17.7055,CART,1.134
SatImage,2000.0,6435.0,36.0,6.0,0.0,0.0,1.297,0.5977,0.9366,0.9332,0.3586,0.7146,0.7316,4.1737,2.4734,5.5759,0.9443,2.61929,4.9048,CART,6.743
NewBelgian,1000.0,3000.0,57.0,2.0,0.0,0.0,1.0638,0.1216,0.5286,,1.0,,1.118,6.7738,0.3879,3.83,0.0421,9.21378,89.9739,Alloc80,8.933
Chromosone,20000.0,40000.0,16.0,24.0,0.0,0.0,1.3218,0.1885,0.9884,0.9191,0.1505,0.2807,0.42,4.4024,4.5603,5.6411,1.3149,3.46817,3.29014,KNN,19.883
Diabetes,768.0,768.0,8.0,2.0,0.0,0.0,1.0377,0.1439,0.5507,,1.0,,1.0586,5.827,0.9331,4.5301,0.112,8.33125,39.4473,Default,8.455
Shuttle,14500.0,58000.0,9.0,7.0,0.0,0.0,1.6067,0.3558,0.9668,0.6968,0.6252,0.9499,4.4371,160.311,0.9653,3.4271,0.3348,2.88321,9.23626,Cascade,12041.0
NewBelgian,1000.0,3000.0,57.0,2.0,0.0,0.0,1.0638,0.1216,0.5286,,1.0,,1.118,6.7738,0.3879,3.83,0.0421,9.21378,89.9739,Ac2,1.675
NewBelgian,1000.0,3000.0,57.0,2.0,0.0,0.0,1.0638,0.1216,0.5286,,1.0,,1.118,6.7738,0.3879,3.83,0.0421,9.21378,89.9739,BayesTree,0.279
KlDigits,9000.0,18000.0,40.0,10.0,0.0,0.0,1.9657,0.1093,0.9207,0.9056,0.172,0.3385,0.1802,2.92,3.3219,5.5903,0.2029,16.3721,26.552,BackProp,19.651
DNA,1186.0,3186.0,180.0,3.0,0.0,0.0,1.5407,0.0456,0.8729,0.83,0.5252,1.0,2.5582,29.5674,1.4725,0.8072,0.0218,67.5459,36.0275,Cal5,15.631
NewBelgian,1000.0,3000.0,57.0,2.0,0.0,0.0,1.0638,0.1216,0.5286,,1.0,,1.118,6.7738,0.3879,3.83,0.0421,9.21378,89.9739,Smart,0.0
Faults,570.0,570.0,45.0,3.0,43.0,0.0,1.191,0.751,0.8842,0.3002,0.8966,1.0,1.8972,0.9866,1.5749,0.8717,0.0366,43.0301,22.8169,Kohonen,18.767
Technical,2580.0,7078.0,56.0,91.0,0.0,0.0,2.2442,,0.9165,0.6818,0.5575,0.866,6.7156,108.296,4.8787,0.3672,0.1815,26.8799,1.02314,QuaDisc,71.882
KlDigits,9000.0,18000.0,40.0,10.0,0.0,0.0,1.9657,0.1093,0.9207,0.9056,0.172,0.3385,0.1802,2.92,3.3219,5.5903,0.2029,16.3721,26.552,LogDisc,21.007
DNA,1186.0,3186.0,180.0,3.0,0.0,0.0,1.5407,0.0456,0.8729,0.83,0.5252,1.0,2.5582,29.5674,1.4725,0.8072,0.0218,67.5459,36.0275,NewId,10.247
KlDigits,9000.0,18000.0,40.0,10.0,0.0,0.0,1.9657,0.1093,0.9207,0.9056,0.172,0.3385,0.1802,2.92,3.3219,5.5903,0.2029,16.3721,26.552,C4_5,108.421
Credit,2670.0,8900.0,16.0,2.0,8.0,0.0,1.0273,0.0825,0.7618,,1.0,,1.2082,4.4046,1.0,1.77,0.641,1.56006,1.76131,KNN,21.713
Digits,9000.0,18000.0,16.0,10.0,0.0,0.0,1.5673,0.2119,0.8929,0.8902,0.2031,0.4049,0.8562,5.1256,3.3219,6.5452,0.5049,6.57932,11.9634,C4_5,45.722
German_Credit,1000.0,1000.0,24.0,2.0,9.0,1.0,1.0369,0.0848,0.5044,,1.0,,1.6986,7.7943,0.8813,1.5031,0.0187,47.1283,79.3797,LVQ,13.089
Faults,570.0,570.0,45.0,3.0,43.0,0.0,1.191,0.751,0.8842,0.3002,0.8966,1.0,1.8972,0.9866,1.5749,0.8717,0.0366,43.0301,22.8169,KNN,12.658
Chromosone,20000.0,40000.0,16.0,24.0,0.0,0.0,1.3218,0.1885,0.9884,0.9191,0.1505,0.2807,0.42,4.4024,4.5603,5.6411,1.3149,3.46817,3.29014,LogDisc,23.962
Credit,2670.0,8900.0,16.0,2.0,8.0,0.0,1.0273,0.0825,0.7618,,1.0,,1.2082,4.4046,1.0,1.77,0.641,1.56006,1.76131,Ac2,9.523
NewBelgian,1000.0,3000.0,57.0,2.0,0.0,0.0,1.0638,0.1216,0.5286,,1.0,,1.118,6.7738,0.3879,3.83,0.0421,9.21378,89.9739,Default,17.029
Faults,570.0,570.0,45.0,3.0,43.0,0.0,1.191,0.751,0.8842,0.3002,0.8966,1.0,1.8972,0.9866,1.5749,0.8717,0.0366,43.0301,22.8169,Cascade,52.018
Segment,2310.0,2310.0,11.0,7.0,0.0,0.0,4.0014,0.1425,0.976,0.9623,0.3098,0.611,2.958,24.4813,2.8072,3.0787,0.6672,4.20743,3.61436,QuaDisc,35.782
Vehicle,846.0,846.0,18.0,4.0,0.0,0.0,1.5392,0.4828,0.842,0.8189,0.4696,0.9139,0.8282,5.18,1.9979,4.2472,0.3538,5.64698,11.0045,Default,48.874
Credit,2670.0,8900.0,16.0,2.0,8.0,0.0,1.0273,0.0825,0.7618,,1.0,,1.2082,4.4046,1.0,1.77,0.641,1.56006,1.76131,Cal5,0.762
Vehicle,846.0,846.0,18.0,4.0,0.0,0.0,1.5392,0.4828,0.842,0.8189,0.4696,0.9139,0.8282,5.18,1.9979,4.2472,0.3538,5.64698,11.0045,ITrule,14.174
Head,900.0,900.0,6.0,3.0,1.0,1.0,1.1231,0.1217,0.7176,0.1057,0.9787,1.0,1.0071,5.0408,1.3574,1.9786,0.1929,7.03681,9.25713,QuaDisc,1.553
Shuttle,14500.0,58000.0,9.0,7.0,0.0,0.0,1.6067,0.3558,0.9668,0.6968,0.6252,0.9499,4.4371,160.311,0.9653,3.4271,0.3348,2.88321,9.23626,CART,8.43
Chromosone,20000.0,40000.0,16.0,24.0,0.0,0.0,1.3218,0.1885,0.9884,0.9191,0.1505,0.2807,0.42,4.4024,4.5603,5.6411,1.3149,3.46817,3.29014,Default,446.613
SatImage,2000.0,6435.0,36.0,6.0,0.0,0.0,1.297,0.5977,0.9366,0.9332,0.3586,0.7146,0.7316,4.1737,2.4734,5.5759,0.9443,2.61929,4.9048,Cn2,8.582
Letters,5000.0,20000.0,16.0,26.0,0.0,0.0,1.8795,0.2577,0.8896,0.8489,0.168,0.321,0.5698,3.5385,4.6996,3.094,0.5189,9.05685,4.96261,Cn2,14.734
Credit,2670.0,8900.0,16.0,2.0,8.0,0.0,1.0273,0.0825,0.7618,,1.0,,1.2082,4.4046,1.0,1.77,0.641,1.56006,1.76131,Discrim,9.523
Shuttle,14500.0,58000.0,9.0,7.0,0.0,0.0,1.6067,0.3558,0.9668,0.6968,0.6252,0.9499,4.4371,160.311,0.9653,3.4271,0.3348,2.88321,9.23626,KNN,51.781
BT,16000.0,20000.0,7.0,2.0,0.0,0.0,1.0975,0.1146,0.6109,,1.0,,6.1012,93.1399,0.2893,2.7416,0.0495,5.84444,54.3859,NewId,11.746
TseTse,1499.0,4999.0,14.0,2.0,0.0,0.0,1.1316,0.3676,0.7792,,1.0,,0.6483,4.3322,0.9998,3.8755,0.285,3.50807,12.5982,Dipol92,3.533
Belgian,1250.0,2500.0,28.0,2.0,0.0,0.0,1.5124,0.3503,0.8869,,1.0,,0.4334,2.6581,0.9453,5.4853,0.3172,2.98014,16.2929,Kohonen,22.891
Head,900.0,900.0,6.0,3.0,1.0,1.0,1.1231,0.1217,0.7176,0.1057,0.9787,1.0,1.0071,5.0408,1.3574,1.9786,0.1929,7.03681,9.25713,LogDisc,0.0
CUT,7480.0,18700.0,20.0,2.0,0.0,0.0,1.032,0.2178,0.55,,1.0,,0.9012,3.5214,0.3256,4.6908,0.0292,160.644,159.644,Discrim,7.636
German_Credit,1000.0,1000.0,24.0,2.0,9.0,1.0,1.0369,0.0848,0.5044,,1.0,,1.6986,7.7943,0.8813,1.5031,0.0187,47.1283,79.3797,BackProp,7.248
Diabetes,768.0,768.0,8.0,2.0,0.0,0.0,1.0377,0.1439,0.5507,,1.0,,1.0586,5.827,0.9331,4.5301,0.112,8.33125,39.4473,LVQ,3.262
Segment,2310.0,2310.0,11.0,7.0,0.0,0.0,4.0014,0.1425,0.976,0.9623,0.3098,0.611,2.958,24.4813,2.8072,3.0787,0.6672,4.20743,3.61436,Dipol92,0.282
DNA,1186.0,3186.0,180.0,3.0,0.0,0.0,1.5407,0.0456,0.8729,0.83,0.5252,1.0,2.5582,29.5674,1.4725,0.8072,0.0218,67.5459,36.0275,IndCART,5.558
Aust_Credit,690.0,690.0,14.0,2.0,4.0,0.0,1.2623,0.1024,0.7713,,1.0,,1.9701,12.5538,0.9912,2.3012,0.113,8.77168,19.3646,Dipol92,0.779
BT,16000.0,20000.0,7.0,2.0,0.0,0.0,1.0975,0.1146,0.6109,,1.0,,6.1012,93.1399,0.2893,2.7416,0.0495,5.84444,54.3859,Default,27.105
BT,16000.0,20000.0,7.0,2.0,0.0,0.0,1.0975,0.1146,0.6109,,1.0,,6.1012,93.1399,0.2893,2.7416,0.0495,5.84444,54.3859,BayesTree,7.228
Diabetes,768.0,768.0,8.0,2.0,0.0,0.0,1.0377,0.1439,0.5507,,1.0,,1.0586,5.827,0.9331,4.5301,0.112,8.33125,39.4473,BackProp,1.664
Credit,2670.0,8900.0,16.0,2.0,8.0,0.0,1.0273,0.0825,0.7618,,1.0,,1.2082,4.4046,1.0,1.77,0.641,1.56006,1.76131,RBF,9.523
Segment,2310.0,2310.0,11.0,7.0,0.0,0.0,4.0014,0.1425,0.976,0.9623,0.3098,0.611,2.958,24.4813,2.8072,3.0787,0.6672,4.20743,3.61436,Kohonen,10.425
TseTse,1499.0,4999.0,14.0,2.0,0.0,0.0,1.1316,0.3676,0.7792,,1.0,,0.6483,4.3322,0.9998,3.8755,0.285,3.50807,12.5982,BackProp,6.027
Faults,570.0,570.0,45.0,3.0,43.0,0.0,1.191,0.751,0.8842,0.3002,0.8966,1.0,1.8972,0.9866,1.5749,0.8717,0.0366,43.0301,22.8169,C4_5,8.25
CUT,7480.0,18700.0,20.0,2.0,0.0,0.0,1.032,0.2178,0.55,,1.0,,0.9012,3.5214,0.3256,4.6908,0.0292,160.644,159.644,Smart,6.204
Belgian,1250.0,2500.0,28.0,2.0,0.0,0.0,1.5124,0.3503,0.8869,,1.0,,0.4334,2.6581,0.9453,5.4853,0.3172,2.98014,16.2929,Bayes,25.637
German_Credit,1000.0,1000.0,24.0,2.0,9.0,1.0,1.0369,0.0848,0.5044,,1.0,,1.6986,7.7943,0.8813,1.5031,0.0187,47.1283,79.3797,Ac2,10.489
SatImage,2000.0,6435.0,36.0,6.0,0.0,0.0,1.297,0.5977,0.9366,0.9332,0.3586,0.7146,0.7316,4.1737,2.4734,5.5759,0.9443,2.61929,4.9048,Dipol92,2.605
Letters,5000.0,20000.0,16.0,26.0,0.0,0.0,1.8795,0.2577,0.8896,0.8489,0.168,0.321,0.5698,3.5385,4.6996,3.094,0.5189,9.05685,4.96261,IndCART,19.068
SatImage,2000.0,6435.0,36.0,6.0,0.0,0.0,1.297,0.5977,0.9366,0.9332,0.3586,0.7146,0.7316,4.1737,2.4734,5.5759,0.9443,2.61929,4.9048,NewId,8.582
Diabetes,768.0,768.0,8.0,2.0,0.0,0.0,1.0377,0.1439,0.5507,,1.0,,1.0586,5.827,0.9331,4.5301,0.112,8.33125,39.4473,Cn2,4.394
BT,16000.0,20000.0,7.0,2.0,0.0,0.0,1.0975,0.1146,0.6109,,1.0,,6.1012,93.1399,0.2893,2.7416,0.0495,5.84444,54.3859,Kohonen,20.781
Technical,2580.0,7078.0,56.0,91.0,0.0,0.0,2.2442,,0.9165,0.6818,0.5575,0.866,6.7156,108.296,4.8787,0.3672,0.1815,26.8799,1.02314,Castle,161.514
Vehicle,846.0,846.0,18.0,4.0,0.0,0.0,1.5392,0.4828,0.842,0.8189,0.4696,0.9139,0.8282,5.18,1.9979,4.2472,0.3538,5.64698,11.0045,BayesTree,9.856
Digits,9000.0,18000.0,16.0,10.0,0.0,0.0,1.5673,0.2119,0.8929,0.8902,0.2031,0.4049,0.8562,5.1256,3.3219,6.5452,0.5049,6.57932,11.9634,ITrule,78.445
Head,900.0,900.0,6.0,3.0,1.0,1.0,1.1231,0.1217,0.7176,0.1057,0.9787,1.0,1.0071,5.0408,1.3574,1.9786,0.1929,7.03681,9.25713,LVQ,21.169
Letters,5000.0,20000.0,16.0,26.0,0.0,0.0,1.8795,0.2577,0.8896,0.8489,0.168,0.321,0.5698,3.5385,4.6996,3.094,0.5189,9.05685,4.96261,RBF,48.825
German_Credit,1000.0,1000.0,24.0,2.0,9.0,1.0,1.0369,0.0848,0.5044,,1.0,,1.6986,7.7943,0.8813,1.5031,0.0187,47.1283,79.3797,ITrule,10.52
Shuttle,14500.0,58000.0,9.0,7.0,0.0,0.0,1.6067,0.3558,0.9668,0.6968,0.6252,0.9499,4.4371,160.311,0.9653,3.4271,0.3348,2.88321,9.23626,Cal5,2.408
Aust_Credit,690.0,690.0,14.0,2.0,4.0,0.0,1.2623,0.1024,0.7713,,1.0,,1.9701,12.5538,0.9912,2.3012,0.113,8.77168,19.3646,BayesTree,3.114
German_Credit,1000.0,1000.0,24.0,2.0,9.0,1.0,1.0369,0.0848,0.5044,,1.0,,1.6986,7.7943,0.8813,1.5031,0.0187,47.1283,79.3797,KNN,4.862
Technical,2580.0,7078.0,56.0,91.0,0.0,0.0,2.2442,,0.9165,0.6818,0.5575,0.866,6.7156,108.296,4.8787,0.3672,0.1815,26.8799,1.02314,RBF,41.532
Chromosone,20000.0,40000.0,16.0,24.0,0.0,0.0,1.3218,0.1885,0.9884,0.9191,0.1505,0.2807,0.42,4.4024,4.5603,5.6411,1.3149,3.46817,3.29014,BayesTree,40.787
Faults,570.0,570.0,45.0,3.0,43.0,0.0,1.191,0.751,0.8842,0.3002,0.8966,1.0,1.8972,0.9866,1.5749,0.8717,0.0366,43.0301,22.8169,Cn2,11.336
Vehicle,846.0,846.0,18.0,4.0,0.0,0.0,1.5392,0.4828,0.842,0.8189,0.4696,0.9139,0.8282,5.18,1.9979,4.2472,0.3538,5.64698,11.0045,Discrim,5.376
Digits,9000.0,18000.0,16.0,10.0,0.0,0.0,1.5673,0.2119,0.8929,0.8902,0.2031,0.4049,0.8562,5.1256,3.3219,6.5452,0.5049,6.57932,11.9634,QuaDisc,3.138
Shuttle,14500.0,58000.0,9.0,7.0,0.0,0.0,1.6067,0.3558,0.9668,0.6968,0.6252,0.9499,4.4371,160.311,0.9653,3.4271,0.3348,2.88321,9.23626,Kohonen,12041.0
Diabetes,768.0,768.0,8.0,2.0,0.0,0.0,1.0377,0.1439,0.5507,,1.0,,1.0586,5.827,0.9331,4.5301,0.112,8.33125,39.4473,Bayes,2.596
Chromosone,20000.0,40000.0,16.0,24.0,0.0,0.0,1.3218,0.1885,0.9884,0.9191,0.1505,0.2807,0.42,4.4024,4.5603,5.6411,1.3149,3.46817,3.29014,BackProp,467.007
Heart,270.0,270.0,13.0,2.0,5.0,1.0,1.0612,0.1236,0.7384,,1.0,,0.956,3.6494,0.9902,1.6386,0.0876,11.3037,17.7055,BayesTree,2.209
Digits,9000.0,18000.0,16.0,10.0,0.0,0.0,1.5673,0.2119,0.8929,0.8902,0.2031,0.4049,0.8562,5.1256,3.3219,6.5452,0.5049,6.57932,11.9634,Smart,25.551
Belgian,1250.0,2500.0,28.0,2.0,0.0,0.0,1.5124,0.3503,0.8869,,1.0,,0.4334,2.6581,0.9453,5.4853,0.3172,2.98014,16.2929,Discrim,8.698
BT,16000.0,20000.0,7.0,2.0,0.0,0.0,1.0975,0.1146,0.6109,,1.0,,6.1012,93.1399,0.2893,2.7416,0.0495,5.84444,54.3859,Smart,0.0
BT,16000.0,20000.0,7.0,2.0,0.0,0.0,1.0975,0.1146,0.6109,,1.0,,6.1012,93.1399,0.2893,2.7416,0.0495,5.84444,54.3859,Cascade,885.438
Head,900.0,900.0,6.0,3.0,1.0,1.0,1.1231,0.1217,0.7176,0.1057,0.9787,1.0,1.0071,5.0408,1.3574,1.9786,0.1929,7.03681,9.25713,Bayes,4.43
KlDigits,9000.0,18000.0,40.0,10.0,0.0,0.0,1.9657,0.1093,0.9207,0.9056,0.172,0.3385,0.1802,2.92,3.3219,5.5903,0.2029,16.3721,26.552,IndCART,101.645
Digits,9000.0,18000.0,16.0,10.0,0.0,0.0,1.5673,0.2119,0.8929,0.8902,0.2031,0.4049,0.8562,5.1256,3.3219,6.5452,0.5049,6.57932,11.9634,Cascade,8.069
Technical,2580.0,7078.0,56.0,91.0,0.0,0.0,2.2442,,0.9165,0.6818,0.5575,0.866,6.7156,108.296,4.8787,0.3672,0.1815,26.8799,1.02314,NewId,0.0
BT,16000.0,20000.0,7.0,2.0,0.0,0.0,1.0975,0.1146,0.6109,,1.0,,6.1012,93.1399,0.2893,2.7416,0.0495,5.84444,54.3859,Bayes,20.781
Segment,2310.0,2310.0,11.0,7.0,0.0,0.0,4.0014,0.1425,0.976,0.9623,0.3098,0.611,2.958,24.4813,2.8072,3.0787,0.6672,4.20743,3.61436,Cal5,9.016
Faults,570.0,570.0,45.0,3.0,43.0,0.0,1.191,0.751,0.8842,0.3002,0.8966,1.0,1.8972,0.9866,1.5749,0.8717,0.0366,43.0301,22.8169,ITrule,9.824
German_Credit,1000.0,1000.0,24.0,2.0,9.0,1.0,1.0369,0.0848,0.5044,,1.0,,1.6986,7.7943,0.8813,1.5031,0.0187,47.1283,79.3797,NewId,11.927
NewBelgian,1000.0,3000.0,57.0,2.0,0.0,0.0,1.0638,0.1216,0.5286,,1.0,,1.118,6.7738,0.3879,3.83,0.0421,9.21378,89.9739,LVQ,14.517
Heart,270.0,270.0,13.0,2.0,5.0,1.0,1.0612,0.1236,0.7384,,1.0,,0.956,3.6494,0.9902,1.6386,0.0876,11.3037,17.7055,Ac2,5.378
DNA,1186.0,3186.0,180.0,3.0,0.0,0.0,1.5407,0.0456,0.8729,0.83,0.5252,1.0,2.5582,29.5674,1.4725,0.8072,0.0218,67.5459,36.0275,LVQ,166.556
SatImage,2000.0,6435.0,36.0,6.0,0.0,0.0,1.297,0.5977,0.9366,0.9332,0.3586,0.7146,0.7316,4.1737,2.4734,5.5759,0.9443,2.61929,4.9048,Cal5,8.735
Shuttle,14500.0,58000.0,9.0,7.0,0.0,0.0,1.6067,0.3558,0.9668,0.6968,0.6252,0.9499,4.4371,160.311,0.9653,3.4271,0.3348,2.88321,9.23626,NewId,0.0
Credit,2670.0,8900.0,16.0,2.0,8.0,0.0,1.0273,0.0825,0.7618,,1.0,,1.2082,4.4046,1.0,1.77,0.641,1.56006,1.76131,LVQ,16.19
Belgian,1250.0,2500.0,28.0,2.0,0.0,0.0,1.5124,0.3503,0.8869,,1.0,,0.4334,2.6581,0.9453,5.4853,0.3172,2.98014,16.2929,ITrule,27.011
Credit,2670.0,8900.0,16.0,2.0,8.0,0.0,1.0273,0.0825,0.7618,,1.0,,1.2082,4.4046,1.0,1.77,0.641,1.56006,1.76131,IndCART,0.0
Credit,2670.0,8900.0,16.0,2.0,8.0,0.0,1.0273,0.0825,0.7618,,1.0,,1.2082,4.4046,1.0,1.77,0.641,1.56006,1.76131,Cascade,14.666
Vehicle,846.0,846.0,18.0,4.0,0.0,0.0,1.5392,0.4828,0.842,0.8189,0.4696,0.9139,0.8282,5.18,1.9979,4.2472,0.3538,5.64698,11.0045,CART,6.924
Aust_Credit,690.0,690.0,14.0,2.0,4.0,0.0,1.2623,0.1024,0.7713,,1.0,,1.9701,12.5538,0.9912,2.3012,0.113,8.77168,19.3646,Cascade,67.655
KlDigits,9000.0,18000.0,40.0,10.0,0.0,0.0,1.9657,0.1093,0.9207,0.9056,0.172,0.3385,0.1802,2.92,3.3219,5.5903,0.2029,16.3721,26.552,ITrule,132.816
TseTse,1499.0,4999.0,14.0,2.0,0.0,0.0,1.1316,0.3676,0.7792,,1.0,,0.6483,4.3322,0.9998,3.8755,0.285,3.50807,12.5982,KNN,4.364
Belgian,1250.0,2500.0,28.0,2.0,0.0,0.0,1.5124,0.3503,0.8869,,1.0,,0.4334,2.6581,0.9453,5.4853,0.3172,2.98014,16.2929,KNN,24.264
Heart,270.0,270.0,13.0,2.0,5.0,1.0,1.0612,0.1236,0.7384,,1.0,,0.956,3.6494,0.9902,1.6386,0.0876,11.3037,17.7055,Dipol92,1.933
Aust_Credit,690.0,690.0,14.0,2.0,4.0,0.0,1.2623,0.1024,0.7713,,1.0,,1.9701,12.5538,0.9912,2.3012,0.113,8.77168,19.3646,ITrule,0.467
DNA,1186.0,3186.0,180.0,3.0,0.0,0.0,1.5407,0.0456,0.8729,0.83,0.5252,1.0,2.5582,29.5674,1.4725,0.8072,0.0218,67.5459,36.0275,Dipol92,1.216
BT,16000.0,20000.0,7.0,2.0,0.0,0.0,1.0975,0.1146,0.6109,,1.0,,6.1012,93.1399,0.2893,2.7416,0.0495,5.84444,54.3859,KNN,9.939
NewBelgian,1000.0,3000.0,57.0,2.0,0.0,0.0,1.0638,0.1216,0.5286,,1.0,,1.118,6.7738,0.3879,3.83,0.0421,9.21378,89.9739,LogDisc,4.188
TseTse,1499.0,4999.0,14.0,2.0,0.0,0.0,1.1316,0.3676,0.7792,,1.0,,0.6483,4.3322,0.9998,3.8755,0.285,3.50807,12.5982,Cn2,0.0
Shuttle,14500.0,58000.0,9.0,7.0,0.0,0.0,1.6067,0.3558,0.9668,0.6968,0.6252,0.9499,4.4371,160.311,0.9653,3.4271,0.3348,2.88321,9.23626,Smart,69.845
Faults,570.0,570.0,45.0,3.0,43.0,0.0,1.191,0.751,0.8842,0.3002,0.8966,1.0,1.8972,0.9866,1.5749,0.8717,0.0366,43.0301,22.8169,Ac2,0.0
Segment,2310.0,2310.0,11.0,7.0,0.0,0.0,4.0014,0.1425,0.976,0.9623,0.3098,0.611,2.958,24.4813,2.8072,3.0787,0.6672,4.20743,3.61436,Alloc80,0.0
Head,900.0,900.0,6.0,3.0,1.0,1.0,1.1231,0.1217,0.7176,0.1057,0.9787,1.0,1.0071,5.0408,1.3574,1.9786,0.1929,7.03681,9.25713,IndCART,5.592
Technical,2580.0,7078.0,56.0,91.0,0.0,0.0,2.2442,,0.9165,0.6818,0.5575,0.866,6.7156,108.296,4.8787,0.3672,0.1815,26.8799,1.02314,Cascade,161.514
Technical,2580.0,7078.0,56.0,91.0,0.0,0.0,2.2442,,0.9165,0.6818,0.5575,0.866,6.7156,108.296,4.8787,0.3672,0.1815,26.8799,1.02314,BayesTree,14.909
Letters,5000.0,20000.0,16.0,26.0,0.0,0.0,1.8795,0.2577,0.8896,0.8489,0.168,0.321,0.5698,3.5385,4.6996,3.094,0.5189,9.05685,4.96261,Alloc80,0.0
Faults,570.0,570.0,45.0,3.0,43.0,0.0,1.191,0.751,0.8842,0.3002,0.8966,1.0,1.8972,0.9866,1.5749,0.8717,0.0366,43.0301,22.8169,NewId,8.187
Digits,9000.0,18000.0,16.0,10.0,0.0,0.0,1.5673,0.2119,0.8929,0.8902,0.2031,0.4049,0.8562,5.1256,3.3219,6.5452,0.5049,6.57932,11.9634,IndCART,47.963
Digits,9000.0,18000.0,16.0,10.0,0.0,0.0,1.5673,0.2119,0.8929,0.8902,0.2031,0.4049,0.8562,5.1256,3.3219,6.5452,0.5049,6.57932,11.9634,NewId,46.17
Heart,270.0,270.0,13.0,2.0,5.0,1.0,1.0612,0.1236,0.7384,,1.0,,0.956,3.6494,0.9902,1.6386,0.0876,11.3037,17.7055,Cal5,1.017
TseTse,1499.0,4999.0,14.0,2.0,0.0,0.0,1.1316,0.3676,0.7792,,1.0,,0.6483,4.3322,0.9998,3.8755,0.285,3.50807,12.5982,Cal5,3.949
German_Credit,1000.0,1000.0,24.0,2.0,9.0,1.0,1.0369,0.0848,0.5044,,1.0,,1.6986,7.7943,0.8813,1.5031,0.0187,47.1283,79.3797,Default,5.046
Vehicle,846.0,846.0,18.0,4.0,0.0,0.0,1.5392,0.4828,0.842,0.8189,0.4696,0.9139,0.8282,5.18,1.9979,4.2472,0.3538,5.64698,11.0045,IndCART,12.056
TseTse,1499.0,4999.0,14.0,2.0,0.0,0.0,1.1316,0.3676,0.7792,,1.0,,0.6483,4.3322,0.9998,3.8755,0.285,3.50807,12.5982,Cascade,200.349
Heart,270.0,270.0,13.0,2.0,5.0,1.0,1.0612,0.1236,0.7384,,1.0,,0.956,3.6494,0.9902,1.6386,0.0876,11.3037,17.7055,IndCART,3.721
Letters,5000.0,20000.0,16.0,26.0,0.0,0.0,1.8795,0.2577,0.8896,0.8489,0.168,0.321,0.5698,3.5385,4.6996,3.094,0.5189,9.05685,4.96261,ITrule,153.12
Head,900.0,900.0,6.0,3.0,1.0,1.0,1.1231,0.1217,0.7176,0.1057,0.9787,1.0,1.0071,5.0408,1.3574,1.9786,0.1929,7.03681,9.25713,C4_5,47.811
Digits,9000.0,18000.0,16.0,10.0,0.0,0.0,1.5673,0.2119,0.8929,0.8902,0.2031,0.4049,0.8562,5.1256,3.3219,6.5452,0.5049,6.57932,11.9634,Castle,55.135
DNA,1186.0,3186.0,180.0,3.0,0.0,0.0,1.5407,0.0456,0.8729,0.83,0.5252,1.0,2.5582,29.5674,1.4725,0.8072,0.0218,67.5459,36.0275,Kohonen,51.756
BT,16000.0,20000.0,7.0,2.0,0.0,0.0,1.0975,0.1146,0.6109,,1.0,,6.1012,93.1399,0.2893,2.7416,0.0495,5.84444,54.3859,LogDisc,9.035
Faults,570.0,570.0,45.0,3.0,43.0,0.0,1.191,0.751,0.8842,0.3002,0.8966,1.0,1.8972,0.9866,1.5749,0.8717,0.0366,43.0301,22.8169,Alloc80,10.391
SatImage,2000.0,6435.0,36.0,6.0,0.0,0.0,1.297,0.5977,0.9366,0.9332,0.3586,0.7146,0.7316,4.1737,2.4734,5.5759,0.9443,2.61929,4.9048,Kohonen,13.026
Diabetes,768.0,768.0,8.0,2.0,0.0,0.0,1.0377,0.1439,0.5507,,1.0,,1.0586,5.827,0.9331,4.5301,0.112,8.33125,39.4473,RBF,1.332
Heart,270.0,270.0,13.0,2.0,5.0,1.0,1.0612,0.1236,0.7384,,1.0,,0.956,3.6494,0.9902,1.6386,0.0876,11.3037,17.7055,QuaDisc,0.698
German_Credit,1000.0,1000.0,24.0,2.0,9.0,1.0,1.0369,0.0848,0.5044,,1.0,,1.6986,7.7943,0.8813,1.5031,0.0187,47.1283,79.3797,LogDisc,0.092
Chromosone,20000.0,40000.0,16.0,24.0,0.0,0.0,1.3218,0.1885,0.9884,0.9191,0.1505,0.2807,0.42,4.4024,4.5603,5.6411,1.3149,3.46817,3.29014,Castle,47.924
Belgian,1250.0,2500.0,28.0,2.0,0.0,0.0,1.5124,0.3503,0.8869,,1.0,,0.4334,2.6581,0.9453,5.4853,0.3172,2.98014,16.2929,C4_5,15.566
SatImage,2000.0,6435.0,36.0,6.0,0.0,0.0,1.297,0.5977,0.9366,0.9332,0.3586,0.7146,0.7316,4.1737,2.4734,5.5759,0.9443,2.61929,4.9048,C4_5,8.582
Aust_Credit,690.0,690.0,14.0,2.0,4.0,0.0,1.2623,0.1024,0.7713,,1.0,,1.9701,12.5538,0.9912,2.3012,0.113,8.77168,19.3646,Alloc80,5.45
Technical,2580.0,7078.0,56.0,91.0,0.0,0.0,2.2442,,0.9165,0.6818,0.5575,0.866,6.7156,108.296,4.8787,0.3672,0.1815,26.8799,1.02314,IndCART,0.887
Letters,5000.0,20000.0,16.0,26.0,0.0,0.0,1.8795,0.2577,0.8896,0.8489,0.168,0.321,0.5698,3.5385,4.6996,3.094,0.5189,9.05685,4.96261,Smart,66.737
Belgian,1250.0,2500.0,28.0,2.0,0.0,0.0,1.5124,0.3503,0.8869,,1.0,,0.4334,2.6581,0.9453,5.4853,0.3172,2.98014,16.2929,Alloc80,17.397
Segment,2310.0,2310.0,11.0,7.0,0.0,0.0,4.0014,0.1425,0.976,0.9623,0.3098,0.611,2.958,24.4813,2.8072,3.0787,0.6672,4.20743,3.61436,Default,245.12
CUT,7480.0,18700.0,20.0,2.0,0.0,0.0,1.032,0.2178,0.55,,1.0,,0.9012,3.5214,0.3256,4.6908,0.0292,160.644,159.644,Cascade,460.999
Digits,9000.0,18000.0,16.0,10.0,0.0,0.0,1.5673,0.2119,0.8929,0.8902,0.2031,0.4049,0.8562,5.1256,3.3219,6.5452,0.5049,6.57932,11.9634,Discrim,30.033
BT,16000.0,20000.0,7.0,2.0,0.0,0.0,1.0975,0.1146,0.6109,,1.0,,6.1012,93.1399,0.2893,2.7416,0.0495,5.84444,54.3859,Cn2,10.842
Segment,2310.0,2310.0,11.0,7.0,0.0,0.0,4.0014,0.1425,0.976,0.9623,0.3098,0.611,2.958,24.4813,2.8072,3.0787,0.6672,4.20743,3.61436,RBF,10.988
German_Credit,1000.0,1000.0,24.0,2.0,9.0,1.0,1.0369,0.0848,0.5044,,1.0,,1.6986,7.7943,0.8813,1.5031,0.0187,47.1283,79.3797,Smart,2.018
Segment,2310.0,2310.0,11.0,7.0,0.0,0.0,4.0014,0.1425,0.976,0.9623,0.3098,0.611,2.958,24.4813,2.8072,3.0787,0.6672,4.20743,3.61436,LogDisc,22.258
Shuttle,14500.0,58000.0,9.0,7.0,0.0,0.0,1.6067,0.3558,0.9668,0.6968,0.6252,0.9499,4.4371,160.311,0.9653,3.4271,0.3348,2.88321,9.23626,RBF,167.387
Vehicle,846.0,846.0,18.0,4.0,0.0,0.0,1.5392,0.4828,0.842,0.8189,0.4696,0.9139,0.8282,5.18,1.9979,4.2472,0.3538,5.64698,11.0045,Ac2,11.893
NewBelgian,1000.0,3000.0,57.0,2.0,0.0,0.0,1.0638,0.1216,0.5286,,1.0,,1.118,6.7738,0.3879,3.83,0.0421,9.21378,89.9739,CART,2.513
CUT,7480.0,18700.0,20.0,2.0,0.0,0.0,1.032,0.2178,0.55,,1.0,,0.9012,3.5214,0.3256,4.6908,0.0292,160.644,159.644,LogDisc,5.727
Letters,5000.0,20000.0,16.0,26.0,0.0,0.0,1.8795,0.2577,0.8896,0.8489,0.168,0.321,0.5698,3.5385,4.6996,3.094,0.5189,9.05685,4.96261,Bayes,134.341
Vehicle,846.0,846.0,18.0,4.0,0.0,0.0,1.5392,0.4828,0.842,0.8189,0.4696,0.9139,0.8282,5.18,1.9979,4.2472,0.3538,5.64698,11.0045,BackProp,4.643
Belgian,1250.0,2500.0,28.0,2.0,0.0,0.0,1.5124,0.3503,0.8869,,1.0,,0.4334,2.6581,0.9453,5.4853,0.3172,2.98014,16.2929,BayesTree,10.987
Letters,5000.0,20000.0,16.0,26.0,0.0,0.0,1.8795,0.2577,0.8896,0.8489,0.168,0.321,0.5698,3.5385,4.6996,3.094,0.5189,9.05685,4.96261,Castle,52.292
Head,900.0,900.0,6.0,3.0,1.0,1.0,1.1231,0.1217,0.7176,0.1057,0.9787,1.0,1.0071,5.0408,1.3574,1.9786,0.1929,7.03681,9.25713,Ac2,28.78
German_Credit,1000.0,1000.0,24.0,2.0,9.0,1.0,1.0369,0.0848,0.5044,,1.0,,1.6986,7.7943,0.8813,1.5031,0.0187,47.1283,79.3797,Alloc80,1.498
Aust_Credit,690.0,690.0,14.0,2.0,4.0,0.0,1.2623,0.1024,0.7713,,1.0,,1.9701,12.5538,0.9912,2.3012,0.113,8.77168,19.3646,Discrim,0.779
KlDigits,9000.0,18000.0,40.0,10.0,0.0,0.0,1.9657,0.1093,0.9207,0.9056,0.172,0.3385,0.1802,2.92,3.3219,5.5903,0.2029,16.3721,26.552,Bayes,137.559
CUT,7480.0,18700.0,20.0,2.0,0.0,0.0,1.032,0.2178,0.55,,1.0,,0.9012,3.5214,0.3256,4.6908,0.0292,160.644,159.644,KNN,0.954
SatImage,2000.0,6435.0,36.0,6.0,0.0,0.0,1.297,0.5977,0.9366,0.9332,0.3586,0.7146,0.7316,4.1737,2.4734,5.5759,0.9443,2.61929,4.9048,Bayes,29.576
Head,900.0,900.0,6.0,3.0,1.0,1.0,1.1231,0.1217,0.7176,0.1057,0.9787,1.0,1.0071,5.0408,1.3574,1.9786,0.1929,7.03681,9.25713,Castle,2.152
DNA,1186.0,3186.0,180.0,3.0,0.0,0.0,1.5407,0.0456,0.8729,0.83,0.5252,1.0,2.5582,29.5674,1.4725,0.8072,0.0218,67.5459,36.0275,RBF,0.0
KlDigits,9000.0,18000.0,40.0,10.0,0.0,0.0,1.9657,0.1093,0.9207,0.9056,0.172,0.3385,0.1802,2.92,3.3219,5.5903,0.2029,16.3721,26.552,KNN,0.0
Vehicle,846.0,846.0,18.0,4.0,0.0,0.0,1.5392,0.4828,0.842,0.8189,0.4696,0.9139,0.8282,5.18,1.9979,4.2472,0.3538,5.64698,11.0045,LVQ,11.16
Credit,2670.0,8900.0,16.0,2.0,8.0,0.0,1.0273,0.0825,0.7618,,1.0,,1.2082,4.4046,1.0,1.77,0.641,1.56006,1.76131,ITrule,16.761
Heart,270.0,270.0,13.0,2.0,5.0,1.0,1.0612,0.1236,0.7384,,1.0,,0.956,3.6494,0.9902,1.6386,0.0876,11.3037,17.7055,LVQ,3.285
Vehicle,846.0,846.0,18.0,4.0,0.0,0.0,1.5392,0.4828,0.842,0.8189,0.4696,0.9139,0.8282,5.18,1.9979,4.2472,0.3538,5.64698,11.0045,Castle,28.917
KlDigits,9000.0,18000.0,40.0,10.0,0.0,0.0,1.9657,0.1093,0.9207,0.9056,0.172,0.3385,0.1802,2.92,3.3219,5.5903,0.2029,16.3721,26.552,Cal5,169.408
German_Credit,1000.0,1000.0,24.0,2.0,9.0,1.0,1.0369,0.0848,0.5044,,1.0,,1.6986,7.7943,0.8813,1.5031,0.0187,47.1283,79.3797,Bayes,5.138
Belgian,1250.0,2500.0,28.0,2.0,0.0,0.0,1.5124,0.3503,0.8869,,1.0,,0.4334,2.6581,0.9453,5.4853,0.3172,2.98014,16.2929,CART,12.819
NewBelgian,1000.0,3000.0,57.0,2.0,0.0,0.0,1.0638,0.1216,0.5286,,1.0,,1.118,6.7738,0.3879,3.83,0.0421,9.21378,89.9739,Bayes,21.217
Belgian,1250.0,2500.0,28.0,2.0,0.0,0.0,1.5124,0.3503,0.8869,,1.0,,0.4334,2.6581,0.9453,5.4853,0.3172,2.98014,16.2929,BackProp,5.036
TseTse,1499.0,4999.0,14.0,2.0,0.0,0.0,1.1316,0.3676,0.7792,,1.0,,0.6483,4.3322,0.9998,3.8755,0.285,3.50807,12.5982,CART,1.039
Diabetes,768.0,768.0,8.0,2.0,0.0,0.0,1.0377,0.1439,0.5507,,1.0,,1.0586,5.827,0.9331,4.5301,0.112,8.33125,39.4473,CART,2.13
Shuttle,14500.0,58000.0,9.0,7.0,0.0,0.0,1.6067,0.3558,0.9668,0.6968,0.6252,0.9499,4.4371,160.311,0.9653,3.4271,0.3348,2.88321,9.23626,Discrim,580.434
Diabetes,768.0,768.0,8.0,2.0,0.0,0.0,1.0377,0.1439,0.5507,,1.0,,1.0586,5.827,0.9331,4.5301,0.112,8.33125,39.4473,QuaDisc,2.596
Vehicle,846.0,846.0,18.0,4.0,0.0,0.0,1.5392,0.4828,0.842,0.8189,0.4696,0.9139,0.8282,5.18,1.9979,4.2472,0.3538,5.64698,11.0045,QuaDisc,0.0
Technical,2580.0,7078.0,56.0,91.0,0.0,0.0,2.2442,,0.9165,0.6818,0.5575,0.866,6.7156,108.296,4.8787,0.3672,0.1815,26.8799,1.02314,Cal5,16.506
Diabetes,768.0,768.0,8.0,2.0,0.0,0.0,1.0377,0.1439,0.5507,,1.0,,1.0586,5.827,0.9331,4.5301,0.112,8.33125,39.4473,LogDisc,0.0
Technical,2580.0,7078.0,56.0,91.0,0.0,0.0,2.2442,,0.9165,0.6818,0.5575,0.866,6.7156,108.296,4.8787,0.3672,0.1815,26.8799,1.02314,LogDisc,55.199
Diabetes,768.0,768.0,8.0,2.0,0.0,0.0,1.0377,0.1439,0.5507,,1.0,,1.0586,5.827,0.9331,4.5301,0.112,8.33125,39.4473,Alloc80,5.193
Belgian,1250.0,2500.0,28.0,2.0,0.0,0.0,1.5124,0.3503,0.8869,,1.0,,0.4334,2.6581,0.9453,5.4853,0.3172,2.98014,16.2929,Cn2,11.903
Technical,2580.0,7078.0,56.0,91.0,0.0,0.0,2.2442,,0.9165,0.6818,0.5575,0.866,6.7156,108.296,4.8787,0.3672,0.1815,26.8799,1.02314,LVQ,30.35
Belgian,1250.0,2500.0,28.0,2.0,0.0,0.0,1.5124,0.3503,0.8869,,1.0,,0.4334,2.6581,0.9453,5.4853,0.3172,2.98014,16.2929,Ac2,12.819
Letters,5000.0,20000.0,16.0,26.0,0.0,0.0,1.8795,0.2577,0.8896,0.8489,0.168,0.321,0.5698,3.5385,4.6996,3.094,0.5189,9.05685,4.96261,Cascade,270.416
Faults,570.0,570.0,45.0,3.0,43.0,0.0,1.191,0.751,0.8842,0.3002,0.8966,1.0,1.8972,0.9866,1.5749,0.8717,0.0366,43.0301,22.8169,LogDisc,2.96
German_Credit,1000.0,1000.0,24.0,2.0,9.0,1.0,1.0369,0.0848,0.5044,,1.0,,1.6986,7.7943,0.8813,1.5031,0.0187,47.1283,79.3797,Dipol92,1.957
Aust_Credit,690.0,690.0,14.0,2.0,4.0,0.0,1.2623,0.1024,0.7713,,1.0,,1.9701,12.5538,0.9912,2.3012,0.113,8.77168,19.3646,QuaDisc,5.917
KlDigits,9000.0,18000.0,40.0,10.0,0.0,0.0,1.9657,0.1093,0.9207,0.9056,0.172,0.3385,0.1802,2.92,3.3219,5.5903,0.2029,16.3721,26.552,Alloc80,2.711
Technical,2580.0,7078.0,56.0,91.0,0.0,0.0,2.2442,,0.9165,0.6818,0.5575,0.866,6.7156,108.296,4.8787,0.3672,0.1815,26.8799,1.02314,Bayes,46.857
DNA,1186.0,3186.0,180.0,3.0,0.0,0.0,1.5407,0.0456,0.8729,0.83,0.5252,1.0,2.5582,29.5674,1.4725,0.8072,0.0218,67.5459,36.0275,KNN,19.799
Head,900.0,900.0,6.0,3.0,1.0,1.0,1.1231,0.1217,0.7176,0.1057,0.9787,1.0,1.0071,5.0408,1.3574,1.9786,0.1929,7.03681,9.25713,Dipol92,6.331
Shuttle,14500.0,58000.0,9.0,7.0,0.0,0.0,1.6067,0.3558,0.9668,0.6968,0.6252,0.9499,4.4371,160.311,0.9653,3.4271,0.3348,2.88321,9.23626,Default,2575.83
Diabetes,768.0,768.0,8.0,2.0,0.0,0.0,1.0377,0.1439,0.5507,,1.0,,1.0586,5.827,0.9331,4.5301,0.112,8.33125,39.4473,Smart,0.599
SatImage,2000.0,6435.0,36.0,6.0,0.0,0.0,1.297,0.5977,0.9366,0.9332,0.3586,0.7146,0.7316,4.1737,2.4734,5.5759,0.9443,2.61929,4.9048,Alloc80,5.823
Heart,270.0,270.0,13.0,2.0,5.0,1.0,1.0612,0.1236,0.7384,,1.0,,0.956,3.6494,0.9902,1.6386,0.0876,11.3037,17.7055,C4_5,5.916
Segment,2310.0,2310.0,11.0,7.0,0.0,0.0,4.0014,0.1425,0.976,0.9623,0.3098,0.611,2.958,24.4813,2.8072,3.0787,0.6672,4.20743,3.61436,C4_5,2.817
TseTse,1499.0,4999.0,14.0,2.0,0.0,0.0,1.1316,0.3676,0.7792,,1.0,,0.6483,4.3322,0.9998,3.8755,0.285,3.50807,12.5982,Default,94.355
Letters,5000.0,20000.0,16.0,26.0,0.0,0.0,1.8795,0.2577,0.8896,0.8489,0.168,0.321,0.5698,3.5385,4.6996,3.094,0.5189,9.05685,4.96261,Cal5,54.603
German_Credit,1000.0,1000.0,24.0,2.0,9.0,1.0,1.0369,0.0848,0.5044,,1.0,,1.6986,7.7943,0.8813,1.5031,0.0187,47.1283,79.3797,Kohonen,19.113
Heart,270.0,270.0,13.0,2.0,5.0,1.0,1.0612,0.1236,0.7384,,1.0,,0.956,3.6494,0.9902,1.6386,0.0876,11.3037,17.7055,NewId,6.831
Credit,2670.0,8900.0,16.0,2.0,8.0,0.0,1.0273,0.0825,0.7618,,1.0,,1.2082,4.4046,1.0,1.77,0.641,1.56006,1.76131,Cn2,10.095
Chromosone,20000.0,40000.0,16.0,24.0,0.0,0.0,1.3218,0.1885,0.9884,0.9191,0.1505,0.2807,0.42,4.4024,4.5603,5.6411,1.3149,3.46817,3.29014,Bayes,122.36
NewBelgian,1000.0,3000.0,57.0,2.0,0.0,0.0,1.0638,0.1216,0.5286,,1.0,,1.118,6.7738,0.3879,3.83,0.0421,9.21378,89.9739,Dipol92,3.629
CUT,7480.0,18700.0,20.0,2.0,0.0,0.0,1.032,0.2178,0.55,,1.0,,0.9012,3.5214,0.3256,4.6908,0.0292,160.644,159.644,IndCART,2.863
Technical,2580.0,7078.0,56.0,91.0,0.0,0.0,2.2442,,0.9165,0.6818,0.5575,0.866,6.7156,108.296,4.8787,0.3672,0.1815,26.8799,1.02314,BackProp,161.514
KlDigits,9000.0,18000.0,40.0,10.0,0.0,0.0,1.9657,0.1093,0.9207,0.9056,0.172,0.3385,0.1802,2.92,3.3219,5.5903,0.2029,16.3721,26.552,LVQ,4.066
Digits,9000.0,18000.0,16.0,10.0,0.0,0.0,1.5673,0.2119,0.8929,0.8902,0.2031,0.4049,0.8562,5.1256,3.3219,6.5452,0.5049,6.57932,11.9634,RBF,16.137
Technical,2580.0,7078.0,56.0,91.0,0.0,0.0,2.2442,,0.9165,0.6818,0.5575,0.866,6.7156,108.296,4.8787,0.3672,0.1815,26.8799,1.02314,Cn2,5.857
Credit,2670.0,8900.0,16.0,2.0,8.0,0.0,1.0273,0.0825,0.7618,,1.0,,1.2082,4.4046,1.0,1.77,0.641,1.56006,1.76131,Alloc80,17.142
Aust_Credit,690.0,690.0,14.0,2.0,4.0,0.0,1.2623,0.1024,0.7713,,1.0,,1.9701,12.5538,0.9912,2.3012,0.113,8.77168,19.3646,NewId,3.893
Belgian,1250.0,2500.0,28.0,2.0,0.0,0.0,1.5124,0.3503,0.8869,,1.0,,0.4334,2.6581,0.9453,5.4853,0.3172,2.98014,16.2929,Smart,0.0
Chromosone,20000.0,40000.0,16.0,24.0,0.0,0.0,1.3218,0.1885,0.9884,0.9191,0.1505,0.2807,0.42,4.4024,4.5603,5.6411,1.3149,3.46817,3.29014,Cn2,33.649
Head,900.0,900.0,6.0,3.0,1.0,1.0,1.1231,0.1217,0.7176,0.1057,0.9787,1.0,1.0071,5.0408,1.3574,1.9786,0.1929,7.03681,9.25713,CART,1.79
Shuttle,14500.0,58000.0,9.0,7.0,0.0,0.0,1.6067,0.3558,0.9668,0.6968,0.6252,0.9499,4.4371,160.311,0.9653,3.4271,0.3348,2.88321,9.23626,Bayes,540.695
Chromosone,20000.0,40000.0,16.0,24.0,0.0,0.0,1.3218,0.1885,0.9884,0.9191,0.1505,0.2807,0.42,4.4024,4.5603,5.6411,1.3149,3.46817,3.29014,CART,467.007
